-- phpMyAdmin SQL Dump
-- version 3.5.4
-- http://www.phpmyadmin.net
--
-- Host: localhost
-- Generation Time: Mar 01, 2013 at 12:59 PM
-- Server version: 5.5.29-29.4
-- PHP Version: 5.2.17

SET SQL_MODE="NO_AUTO_VALUE_ON_ZERO";
SET time_zone = "+00:00";


/*!40101 SET @OLD_CHARACTER_SET_CLIENT=@@CHARACTER_SET_CLIENT */;
/*!40101 SET @OLD_CHARACTER_SET_RESULTS=@@CHARACTER_SET_RESULTS */;
/*!40101 SET @OLD_COLLATION_CONNECTION=@@COLLATION_CONNECTION */;
/*!40101 SET NAMES utf8 */;

--
-- Database: `shortcode7_db`
--

-- --------------------------------------------------------

--
-- Table structure for table `auth_group`
--

CREATE TABLE IF NOT EXISTS `auth_group` (
  `id` int(11) NOT NULL AUTO_INCREMENT,
  `name` varchar(80) NOT NULL,
  PRIMARY KEY (`id`),
  UNIQUE KEY `name` (`name`)
) ENGINE=InnoDB DEFAULT CHARSET=utf8 AUTO_INCREMENT=1 ;

-- --------------------------------------------------------

--
-- Table structure for table `auth_group_permissions`
--

CREATE TABLE IF NOT EXISTS `auth_group_permissions` (
  `id` int(11) NOT NULL AUTO_INCREMENT,
  `group_id` int(11) NOT NULL,
  `permission_id` int(11) NOT NULL,
  PRIMARY KEY (`id`),
  UNIQUE KEY `group_id` (`group_id`,`permission_id`),
  KEY `auth_group_permissions_bda51c3c` (`group_id`),
  KEY `auth_group_permissions_1e014c8f` (`permission_id`)
) ENGINE=InnoDB DEFAULT CHARSET=utf8 AUTO_INCREMENT=1 ;

-- --------------------------------------------------------

--
-- Table structure for table `auth_permission`
--

CREATE TABLE IF NOT EXISTS `auth_permission` (
  `id` int(11) NOT NULL AUTO_INCREMENT,
  `name` varchar(50) NOT NULL,
  `content_type_id` int(11) NOT NULL,
  `codename` varchar(100) NOT NULL,
  PRIMARY KEY (`id`),
  UNIQUE KEY `content_type_id` (`content_type_id`,`codename`),
  KEY `auth_permission_e4470c6e` (`content_type_id`)
) ENGINE=InnoDB  DEFAULT CHARSET=utf8 AUTO_INCREMENT=43 ;

--
-- Dumping data for table `auth_permission`
--

INSERT INTO `auth_permission` (`id`, `name`, `content_type_id`, `codename`) VALUES
(1, 'Can add permission', 1, 'add_permission'),
(2, 'Can change permission', 1, 'change_permission'),
(3, 'Can delete permission', 1, 'delete_permission'),
(4, 'Can add group', 2, 'add_group'),
(5, 'Can change group', 2, 'change_group'),
(6, 'Can delete group', 2, 'delete_group'),
(7, 'Can add user', 3, 'add_user'),
(8, 'Can change user', 3, 'change_user'),
(9, 'Can delete user', 3, 'delete_user'),
(10, 'Can add content type', 4, 'add_contenttype'),
(11, 'Can change content type', 4, 'change_contenttype'),
(12, 'Can delete content type', 4, 'delete_contenttype'),
(13, 'Can add session', 5, 'add_session'),
(14, 'Can change session', 5, 'change_session'),
(15, 'Can delete session', 5, 'delete_session'),
(16, 'Can add site', 6, 'add_site'),
(17, 'Can change site', 6, 'change_site'),
(18, 'Can delete site', 6, 'delete_site'),
(19, 'Can add flat page', 7, 'add_flatpage'),
(20, 'Can change flat page', 7, 'change_flatpage'),
(21, 'Can delete flat page', 7, 'delete_flatpage'),
(22, 'Can add log entry', 8, 'add_logentry'),
(23, 'Can change log entry', 8, 'change_logentry'),
(24, 'Can delete log entry', 8, 'delete_logentry'),
(25, 'Can add customer', 9, 'add_customer'),
(26, 'Can change customer', 9, 'change_customer'),
(27, 'Can delete customer', 9, 'delete_customer'),
(28, 'Can add zip code', 10, 'add_zipcode'),
(29, 'Can change zip code', 10, 'change_zipcode'),
(30, 'Can delete zip code', 10, 'delete_zipcode'),
(31, 'Can add branch', 11, 'add_branch'),
(32, 'Can change branch', 11, 'change_branch'),
(33, 'Can delete branch', 11, 'delete_branch'),
(34, 'Can add photo gallery', 12, 'add_photogallery'),
(35, 'Can change photo gallery', 12, 'change_photogallery'),
(36, 'Can delete photo gallery', 12, 'delete_photogallery'),
(37, 'Can add Info Phone', 13, 'add_phone_info'),
(38, 'Can change Info Phone', 13, 'change_phone_info'),
(39, 'Can delete Info Phone', 13, 'delete_phone_info'),
(40, 'Can add kv store', 14, 'add_kvstore'),
(41, 'Can change kv store', 14, 'change_kvstore'),
(42, 'Can delete kv store', 14, 'delete_kvstore');

-- --------------------------------------------------------

--
-- Table structure for table `auth_user`
--

CREATE TABLE IF NOT EXISTS `auth_user` (
  `id` int(11) NOT NULL AUTO_INCREMENT,
  `username` varchar(30) NOT NULL,
  `first_name` varchar(30) NOT NULL,
  `last_name` varchar(30) NOT NULL,
  `email` varchar(75) NOT NULL,
  `password` varchar(128) NOT NULL,
  `is_staff` tinyint(1) NOT NULL,
  `is_active` tinyint(1) NOT NULL,
  `is_superuser` tinyint(1) NOT NULL,
  `last_login` datetime NOT NULL,
  `date_joined` datetime NOT NULL,
  PRIMARY KEY (`id`),
  UNIQUE KEY `username` (`username`)
) ENGINE=InnoDB  DEFAULT CHARSET=utf8 AUTO_INCREMENT=7 ;

--
-- Dumping data for table `auth_user`
--

INSERT INTO `auth_user` (`id`, `username`, `first_name`, `last_name`, `email`, `password`, `is_staff`, `is_active`, `is_superuser`, `last_login`, `date_joined`) VALUES
(1, 'shortcode7', 'Gerardo', 'Payan', 'gpayan@701010.com', 'pbkdf2_sha256$10000$GTmog7k3zydK$TH+DibNdvvUMZ9At8wrQ0au/a2DRXpMtXv+n9DOgHt4=', 1, 1, 1, '2012-10-31 21:19:18', '2012-10-26 22:50:48'),
(2, 'vbarron', 'Victor', 'Barron', 'vbarron@701010.com', 'pbkdf2_sha256$10000$NnpPNfr9shpp$Z78RoUJkzfsdiVAJmmjS0pfZ18PQfFuDkuHRJdCd7rE=', 1, 1, 1, '2013-02-22 17:53:42', '2012-10-29 17:11:19'),
(3, 'apayan', 'Arturo', 'Payan', 'arturo@701010.com', 'pbkdf2_sha256$10000$jR8h0SRx97ZI$Xic7RD0IoST01bzJ4hd3qm01CTi4olmZWA+qPtdh3u0=', 1, 1, 1, '2012-12-26 15:48:33', '2012-10-29 17:11:50'),
(4, 'rgarcia', 'Rafael', 'Garcia', 'rafael.garcia@701010.com', 'pbkdf2_sha256$10000$VqBEh5uaGLLa$QJfcxRNxKCpqFlhE36Vr5XipE1o603Z/PDVFt7rdmeM=', 1, 1, 1, '2012-10-31 22:14:23', '2012-10-29 17:17:33'),
(5, 'newemage', 'Benjamin ', 'Carrasco', 'bcarrasco@newemage.com', 'pbkdf2_sha256$10000$7MI2n0Sf4IOi$HY1XPAJ3bpnPIfOqd53pTgI7iWx35IBdTdp/QebAePI=', 1, 1, 1, '2013-01-08 16:57:17', '2012-11-01 18:39:47'),
(6, 'astromberg', 'Alan', 'Stromberg', 'alan@701010.com', 'pbkdf2_sha256$10000$0B6RySRSdmh5$ZwSFmxzr6Sljcwd6a4cVvBtVbDhw+C9CMUCrl1KItfM=', 1, 1, 1, '2012-11-20 21:52:18', '2012-11-20 21:44:46');

-- --------------------------------------------------------

--
-- Table structure for table `auth_user_groups`
--

CREATE TABLE IF NOT EXISTS `auth_user_groups` (
  `id` int(11) NOT NULL AUTO_INCREMENT,
  `user_id` int(11) NOT NULL,
  `group_id` int(11) NOT NULL,
  PRIMARY KEY (`id`),
  UNIQUE KEY `user_id` (`user_id`,`group_id`),
  KEY `auth_user_groups_fbfc09f1` (`user_id`),
  KEY `auth_user_groups_bda51c3c` (`group_id`)
) ENGINE=InnoDB DEFAULT CHARSET=utf8 AUTO_INCREMENT=1 ;

-- --------------------------------------------------------

--
-- Table structure for table `auth_user_user_permissions`
--

CREATE TABLE IF NOT EXISTS `auth_user_user_permissions` (
  `id` int(11) NOT NULL AUTO_INCREMENT,
  `user_id` int(11) NOT NULL,
  `permission_id` int(11) NOT NULL,
  PRIMARY KEY (`id`),
  UNIQUE KEY `user_id` (`user_id`,`permission_id`),
  KEY `auth_user_user_permissions_fbfc09f1` (`user_id`),
  KEY `auth_user_user_permissions_1e014c8f` (`permission_id`)
) ENGINE=InnoDB  DEFAULT CHARSET=utf8 AUTO_INCREMENT=257 ;

--
-- Dumping data for table `auth_user_user_permissions`
--

INSERT INTO `auth_user_user_permissions` (`id`, `user_id`, `permission_id`) VALUES
(173, 4, 1),
(174, 4, 2),
(175, 4, 3),
(176, 4, 4),
(177, 4, 5),
(178, 4, 6),
(179, 4, 7),
(180, 4, 8),
(181, 4, 9),
(182, 4, 10),
(183, 4, 11),
(184, 4, 12),
(185, 4, 13),
(186, 4, 14),
(187, 4, 15),
(188, 4, 16),
(189, 4, 17),
(190, 4, 18),
(191, 4, 19),
(192, 4, 20),
(193, 4, 21),
(194, 4, 22),
(195, 4, 23),
(196, 4, 24),
(197, 4, 25),
(198, 4, 26),
(199, 4, 27),
(200, 4, 28),
(201, 4, 29),
(202, 4, 30),
(203, 4, 31),
(204, 4, 32),
(205, 4, 33),
(206, 4, 34),
(207, 4, 35),
(208, 4, 36),
(209, 4, 37),
(210, 4, 38),
(211, 4, 39),
(212, 4, 40),
(213, 4, 41),
(214, 4, 42),
(215, 5, 1),
(216, 5, 2),
(217, 5, 3),
(218, 5, 4),
(219, 5, 5),
(220, 5, 6),
(221, 5, 7),
(222, 5, 8),
(223, 5, 9),
(224, 5, 10),
(225, 5, 11),
(226, 5, 12),
(227, 5, 13),
(228, 5, 14),
(229, 5, 15),
(230, 5, 16),
(231, 5, 17),
(232, 5, 18),
(233, 5, 19),
(234, 5, 20),
(235, 5, 21),
(236, 5, 22),
(237, 5, 23),
(238, 5, 24),
(239, 5, 25),
(240, 5, 26),
(241, 5, 27),
(242, 5, 28),
(243, 5, 29),
(244, 5, 30),
(245, 5, 31),
(246, 5, 32),
(247, 5, 33),
(248, 5, 34),
(249, 5, 35),
(250, 5, 36),
(251, 5, 37),
(252, 5, 38),
(253, 5, 39),
(254, 5, 40),
(255, 5, 41),
(256, 5, 42);

-- --------------------------------------------------------

--
-- Table structure for table `customers_branch`
--

CREATE TABLE IF NOT EXISTS `customers_branch` (
  `id` int(11) NOT NULL AUTO_INCREMENT,
  `tag_id` int(11) NOT NULL,
  `Customer_id` int(11) NOT NULL,
  `ZipCode_id` int(11) NOT NULL,
  `name` varchar(255) NOT NULL,
  `slug` varchar(255) DEFAULT NULL,
  `Title` varchar(255) NOT NULL,
  `Logo` varchar(100) NOT NULL,
  `Video` longtext,
  `Coupon` varchar(100) DEFAULT NULL,
  `Description` longtext,
  `Contact` longtext,
  `facebook` varchar(200) DEFAULT NULL,
  `gmail` varchar(200) DEFAULT NULL,
  `twitter` varchar(200) DEFAULT NULL,
  `mail` varchar(255) DEFAULT NULL,
  `website` varchar(200) DEFAULT NULL,
  `featured` tinyint(1) NOT NULL,
  `background_img` varchar(100) DEFAULT NULL,
  `id_body` varchar(20) DEFAULT NULL,
  `show_dir` tinyint(1) NOT NULL,
  `dir_1` varchar(255) DEFAULT NULL,
  `dir_2` varchar(255) DEFAULT NULL,
  `cd` varchar(255) DEFAULT NULL,
  `state` varchar(255) DEFAULT NULL,
  `zip_code` varchar(255) DEFAULT NULL,
  `info_cupon` longtext NOT NULL,
  `image_cupon` varchar(100) NOT NULL,
  `latitude` varchar(255) DEFAULT NULL,
  `longitude` varchar(255) DEFAULT NULL,
  PRIMARY KEY (`id`),
  UNIQUE KEY `name` (`name`),
  UNIQUE KEY `slug` (`slug`),
  KEY `customers_branch_d49b80dc` (`Customer_id`),
  KEY `customers_branch_d0d9e493` (`ZipCode_id`)
) ENGINE=InnoDB  DEFAULT CHARSET=utf8 AUTO_INCREMENT=47 ;

--
-- Dumping data for table `customers_branch`
--

INSERT INTO `customers_branch` (`id`, `tag_id`, `Customer_id`, `ZipCode_id`, `name`, `slug`, `Title`, `Logo`, `Video`, `Coupon`, `Description`, `Contact`, `facebook`, `gmail`, `twitter`, `mail`, `website`, `featured`, `background_img`, `id_body`, `show_dir`, `dir_1`, `dir_2`, `cd`, `state`, `zip_code`, `info_cupon`, `image_cupon`, `latitude`, `longitude`) VALUES
(1, 3258, 1, 1, 'Test Name On Server', 'test-name-on-server', 'Test Title', 'branch/logos/images_9.jpg', '<iframe width="560" height="315" src="http://www.youtube.com/embed/3kkLBgAlT_E" frameborder="0" allowfullscreen></iframe>', 'branch/cupon/images.jpg', 'This is a test fo description This is a test fo description This is a test fo description This is a test fo description This is a test fo description This is a test fo description This is a test fo description This is a test fo description This is a test fo description This is a test fo description This is a test fo description This is a test fo description This is a test fo description This is a test fo description This is a test fo description This is a test fo description ', 'This is a test fo description This is a test fo description ', '', '', '', '', NULL, 1, 'branch/background/miyajima-shrine-at-sunset-1600-1200-624.jpg', '', 0, 'Test dir', '', '', '', '2357', '', '', 'asdfasdf', ''),
(2, 21, 2, 2, 'hallmark mesa ', 'hallmark-mesa', 'HALLMARK', 'branch/logos/Hallmark_logo.jpg', '<iframe width="640" height="360" src="http://www.youtube.com/embed/yGJ87B2UqV8" frameborder="0" allowfullscreen></iframe>', 'branch/cupon/LMG_barcode.jpg', '<html>\r\n<body>\r\nThis is a test of \r\n</br>\r\nnew <a href="http://701010nfc.com">701010nfc.com</a><br> <a href="http://701010nfc.com">&nbsp;</a>\r\n</body>\r\n\r\n</html>', 'hgfhdfghdfghdf', 'https://www.facebook.com/HALLMARK?fref=ts', 'https://plus.google.com/u/0/100819392208076254339/posts', 'https://twitter.com/HallmarkPR', '', NULL, 1, 'branch/background/fall_2_1.jpg', '', 0, '5610 N Desert Blvd', '', 'El Paso', 'TX', '79912', '', '', '31.863942', '106.575129'),
(4, 68465, 3, 3, 'Dick Poe Dodge', 'dick-poe-dodge', 'RAM TRUCKS ', 'branch/logos/logo1_4.png', '<iframe width="640" height="360" src="http://www.youtube.com/embed/BPLECNstn8I" frameborder="0" allowfullscreen></iframe>', 'branch/cupon/LMG_barcode_3.jpg', '<html>\r\n\r\n<head>\r\n<style type="text/css">\r\n.style1 {\r\n	font-size: x-large;\r\n}\r\n.style2 {\r\n	font-size: large;\r\n}\r\n.style3 {\r\n	border-width: 0px;\r\n}\r\n</style>\r\n</head>\r\n\r\n<body>\r\n<p>\r\n<a href="http://www.ramtrucks.com/en/">\r\n<img src="https://lh5.googleusercontent.com/-jTsSmKiGQ3E/T9EMoEdLXwI/AAAAAAAAAx8/9ptwz0xofzk/w940-h180/ramtrucks_googleplus_profilebanner_v1.jpg" height="157" width="846" class="style3"></a></p>\r\n<span class="style2">To find the nearest dealership click</span>\r\n<a href="http://m.ramtrucks.com/en/mobile/home.html?">\r\n<span class="style1"><strong>HERE</strong></span></a><br><br>\r\n<span class="style2">To see </span><strong><span class="style2">OWNERS MANUAL\r\n</span></strong><span class="style2">click</span>\r\n<a href="http://701010.com/images/PDF/2012-Ram_Truck-OM-5th.pdf">\r\n<span class="style1"><strong>HERE</strong></span></a> <br>\r\n</br>\r\n\r\n<p>1363 Airway Boulevard  El Paso, TX 79925 to get directons click <strong>\r\n<a href="https://maps.google.com/maps?q=dick+poe+dodge&amp;hl=en&amp;ll=31.787609,-106.395636&amp;spn=0.010342,0.021136&amp;fb=1&amp;gl=us&amp;hq=dick+poe+dodge&amp;hnear=0x86e73f8bc5fe3b69:0xe39184e3ab9d0222,El+Paso,+TX&amp;cid=0,0,11196360950509604779&amp;t=h&amp;z=16&amp;iwloc=A">HERE</a></strong> </p>\r\n</body>\r\n\r\n</html>', '', 'https://www.facebook.com/RamTrucks', 'http://plus.google.com/+RamTrucks/posts', 'http://twitter.com/ramtrucks', '', NULL, 1, 'branch/background/Black_Metal_by_twaysan_4.png', '', 0, '', '', '', '', '', '', '', '', ''),
(7, 6165165, 8, 4, '01', '01', '01', 'branch/logos/bluematrixcode3-268120.jpeg', '', '', '', '', '', '', '', '', NULL, 0, '', '', 0, '', '', '', '', '', '', '', '', ''),
(8, 4651, 8, 4, '02', '02', '02', 'branch/logos/bluematrixcode3-268120_1.jpeg', '', '', '', '', '', '', '', '', NULL, 0, '', '', 0, '', '', '', '', '', '', '', '', ''),
(9, 463505, 9, 5, 'Walgreens', 'walgreens', 'WALGREENS', 'branch/logos/Sem_título-1_1.jpg', '<iframe width="560" height="315" src="http://www.youtube.com/embed/E2AuuU3MMvA?list=UUsVIERusF2kZEHUB1x1lhZA&amp;hl=en_US" frameborder="0" allowfullscreen></iframe>', 'branch/cupon/images_1.jpg', '<html>\r\n\r\n<head>\r\n<style type="text/css">\r\n.style1 {\r\n	color: #FF0000;\r\n	font-size: large;\r\n}\r\n.style2 {\r\n	color: #FF0000;\r\n}\r\n</style>\r\n</head>\r\n\r\n<body>\r\n5900 N MESA ST</br>\r\nEL PASO, TX 79912</br>\r\n 915-584-1153<br>To get directions click\r\n<a href="https://maps.google.com/maps?q=5900+N+Mesa+St+El+Paso,+TX+79912&amp;hl=en&amp;sll=37.6,-95.665&amp;sspn=47.829093,93.076172&amp;t=h&amp;hnear=5900+N+Mesa+St,+El+Paso,+Texas+79912&amp;z=17">HERE</a><br>\r\nClick\r\n<a href="http://walgreens.shoplocal.com/walgreens/default.aspx?action=entryflash&amp;promotioncode=Walgreens-121028HH&amp;displaypagenumber=1">\r\nHERE</a> to digital catalog <br>\r\n<span class="style1"><strong><a href="http://www.walgreens.com/">\r\n<span class="style2">WWW.WALGREENS.COM</span></a></strong></span><br>\r\n</br>\r\n\r\n</body>\r\n\r\n</html>\r\n', '', 'https://www.facebook.com/Walgreens', 'https://plus.google.com/+walgreens/posts', 'https://twitter.com/WALGREENS', '', 'http://www.walgreens.com/balance', 1, 'branch/background/RedBackground.png', '', 0, '', '', '', '', '', '', '', '', ''),
(10, 62, 6, 6, 'Barronfam.net', 'barronfamnet', 'barronfam.net', 'branch/logos/33962_425990057421250_360802343_n.jpg', '', 'branch/cupon/lo_1.jpg', '<head>\r\n<style type="text/css">\r\n p.MsoNormal\r\n	{margin-bottom:.0001pt;\r\n	font-size:12.0pt;\r\n	font-family:"Times New Roman","serif";\r\n		margin-left: 0in;\r\n	margin-right: 0in;\r\n	margin-top: 0in;\r\n}\r\n</style>\r\n</head>\r\n\r\n<body>\r\n\r\n<p class="MsoNormal">\r\n&nbsp;</p>\r\n										<form>\r\n										Your Mobile Number :\r\n										<br />\r\n										<input type="tel" maxlength="10" name="number"  onClick="this.value=''''" style="width: 98px; height: 24px" size="10" value="Mobile Number"/>									\r\n										<br />\r\n										\r\n			<label for="text_carrier">Carrier:<br></label>\r\n		 	<select name="carrier" class="requiredValidation doValidation nonZeroGuidValidation text_carrier">\r\n			<option value="00000000-0000-0000-0000-000000000000" selected="selected">Make selection</option>\r\n			<option value="mms.alltelwireless.com">Alltel</option>\r\n			<option value="mms.att.net">AT&T</option>\r\n			<option value="txt.bell.ca">Bell Mobility</option>\r\n			<option value="myboostmobile.com">Boost Mobile</option>\r\n			<option value="mobile.celloneusa.com">Cellular One</option>\r\n			<option value="mms.att.net">Cingular</option>\r\n			<option value="comcastpcs.textmsg.com">Comcast</option>\r\n			<option value="mms.mycricket.com">Cricket</option>\r\n			<option value="sms.fido.ca">Fido Solutions</option>\r\n			<option value="messaging.sprintpcs.com">Helio</option>\r\n			<option value="messaging.nextel.com">Nextel</option>\r\n			<option value="qwestmp.com">Qwest</option>\r\n			<option value="pcs.rogers.com">Rogers Wireless</option>\r\n			<option value="pm.sprint.com">Sprint</option>\r\n			<option value="tmomail.net">T-Mobile</option>\r\n			<option value="msg.telus.com">Telus/Telus Mobility</option>\r\n			<option value="vzwpix.com">Verizon</option>\r\n			<option value="vmpix.com">Virgin Mobile</option>\r\n		  </select>\r\n		  <span class="error"></span>\r\n	<br>\r\n										Your Zip Code&nbsp; :\r\n										<br />\r\n										<input type="tel" maxlength="5" name="zipcode"  onClick="this.value=''''" style="width: 98px; height: 24px" size="5" value="Zip Code"/><br>\r\n										<input type="checkbox" name="vehicle" value="Bike">Yes i \r\n											would like a copy of the coupon send \r\n											to me via MMS<br></form>\r\n										<a href=""> <button>Submit</button></a>\r\n										\r\n										<?php\r\n $cellphone = $_POST[''number''];\r\n $carrier = $_POST[''carrier''];\r\n echo "$cellphone@$carrier";\r\n?>\r\n\r\n</body>\r\n', '', '', '', '', '', '', 0, '', '', 0, '1912 Acosta ', '', 'Anthony ', 'NM ', '88021', '<META http-equiv="refresh" content="0.0001; url=http://www.barronfam.net.com">', 'branch/cupon/info/lo_1.jpg', '', ''),
(11, 2147483647, 9, 3, 'Walgreens-mesa', 'walgreens-mesa', 'REWARDS', 'branch/logos/Sem_título-1_2.jpg', '<META http-equiv="refresh" content=".00; url=http://www.walgreens.com/balance">', '', 'hjk', 'klnhkl', '', '', '', '', '', 0, 'branch/background/RedBackground_1.png', '', 0, '', '', '', '', '', '', '', '', ''),
(12, 2147483647, 10, 7, 'Oreo', 'oreo', ' ', 'branch/logos/oreo_bite_copy.jpg', '<iframe width="560" height="315" src="http://www.youtube.com/embed/DxQMNTr9mZM" frameborder="0" allowfullscreen></iframe>', 'branch/cupon/Coupon.jpg', '<html>\r\n\r\n<head>\r\n<style type="text/css">\r\n.style1 {\r\n	text-align: center;\r\n}\r\n.style2 {\r\n	border-width: 0px;\r\n}\r\n</style>\r\n</head>\r\n\r\n<body>\r\n\r\n<div class="style1">\r\n	<a href="http://oreo.com">\r\n\r\n<img src="http://thewateringmouth.com/wp-content/uploads/2012/08/oreo-100th-birthday.jpeg" class="style2"></a>\r\n	<br></div>\r\n\r\n</body>\r\n\r\n</html>\r\n', '', 'https://www.facebook.com/oreo', '', 'http://twitter.com/oreo', '', '', 1, 'branch/background/Oreo_Background.jpg', '', 0, '', '', '', '', '', '', '', '', ''),
(13, 41, 11, 3, 'gevalia', 'gevalia', 'Coffee ', 'branch/logos/GevaliaLogo_resized.jpg', '<iframe width="560" height="315" src="http://www.youtube.com/embed/700R9XJR5yo" frameborder="0" allowfullscreen></iframe>', 'branch/cupon/Gevalia_Coupon.jpg', '<html>\r\n\r\n<head>\r\n<style type="text/css">\r\n.style1 {\r\n	text-align: center;\r\n}\r\n.style2 {\r\n	border-width: 0px;\r\n}\r\n</style>\r\n</head>\r\n\r\n<body>\r\n\r\n<div class="style1">\r\n	<a href="http://www.gevalia.com/Auto-Delivery/auto_delivery,default,pg.html">\r\n\r\n<img src="http://demandware.edgesuite.net/aagr_prd/on/demandware.static/Sites-Gevalia-Site/Sites-Gevalia-Library/default/v1352319542333/images/offers/GEV_Q2_OfferA1_Home_BSPOT.jpg" class="style2" width="293"></a>\r\n</div>\r\n\r\n</body>\r\n\r\n</html>\r\n', '', '', '', '', '', '', 0, 'branch/background/Gevalia_Background.jpg', '', 0, '', '', '', '', '', '', '', '', ''),
(16, 1, 12, 5, '9502 pickup ', '9502-pickup', 'Starbucks ', 'branch/logos/Starbucks_Logo_3.jpg', '<iframe width="560" height="315" src="http://www.youtube.com/embed/xUNz5bTw7N8" frameborder="0" allowfullscreen></iframe>', 'branch/cupon/Starbucks_Coupon_1.jpg', '<!DOCTYPE html PUBLIC "-//W3C//DTD XHTML 1.0 Transitional//EN" "http://www.w3.org/TR/xhtml1/DTD/xhtml1-transitional.dtd">\r\n<html xmlns="http://www.w3.org/1999/xhtml">\r\n\r\n<head>\r\n<meta content="text/html; charset=utf-8" http-equiv="Content-Type" />\r\n<title>Untitled 1</title>\r\n</head>\r\n\r\n<body>\r\n2300 N Mesa St<br>\r\nEl Paso, TX 79936<br>\r\nClick\r\n<a href="https://maps.google.com/maps?q=2300+Mesa+Street,+El+Paso,+TX&amp;hl=en&amp;sll=31.839458,-106.5725&amp;sspn=0.006736,0.011362&amp;hnear=2300+N+Mesa+St,+El+Paso,+Texas+79902&amp;t=m&amp;z=17&amp;iwloc=A">HERE</a> \r\nfor Directions<h3 class="red" style="margin: 0px 0px 14px; padding: 20px 0px 0px; border: 0px; font-size: 20px; font: inherit; vertical-align: baseline; font-weight: bold; color: rgb(213, 30, 72) !important; visibility: visible; line-height: 26px; opacity: inherit; filter: inherit; font-family: Corbel, ''Trebuchet MS'', Helvetica, Arial, sans-serif; font-style: normal; font-variant: normal; letter-spacing: normal; orphans: 2; text-align: center; text-indent: 0px; text-transform: none; white-space: normal; widows: 2; word-spacing: 0px; -webkit-text-size-adjust: auto; -webkit-text-stroke-width: 0px; display: block;">\r\nA new gift is waiting for you!<span style="margin: 0px; padding: 0px; border: 0px; font-size: 20px; font: inherit; vertical-align: baseline; color: rgb(213, 30, 72); display: block;">Gifts \r\nfrom Starbucks, all season long.</span></h3>\r\n<p style="margin: 0px auto; padding: 0px; border: 0px; font-size: 14px; font: inherit; vertical-align: baseline; line-height: 18px; visibility: visible; color: rgb(148, 148, 148); width: 310px; opacity: inherit; filter: inherit; font-family: Corbel, ''Trebuchet MS'', Helvetica, Arial, sans-serif; font-style: normal; font-variant: normal; font-weight: normal; letter-spacing: normal; orphans: 2; text-align: center; text-indent: 0px; text-transform: none; white-space: normal; widows: 2; word-spacing: 0px; -webkit-text-size-adjust: auto; -webkit-text-stroke-width: 0px; display: block;">\r\nThe holidays are about spending time with loved ones and of course, giving \r\ngifts. Our Holiday Village is a place where you and yours can share seasonal \r\nmoments and experience the joy of the holidays each and every day.</p>\r\n</body>\r\n\r\n</html>\r\n', '', 'https://www.facebook.com/pages/Starbucks-El-Paso-Texas/282714621762648?fref=ts', '', '', '', '', 0, 'branch/background/Starbucks_Background.jpg', 'Star', 0, '2300 N Mesa St', '', 'El Paso', 'TX', '79912', '', '', '', ''),
(17, 2, 12, 5, '9502 entrance', '9502-entrance', 'Starbucks ', 'branch/logos/Starbucks_Logo_4.jpg', '<iframe width="560" height="315" src="http://www.youtube.com/embed/xUNz5bTw7N8" frameborder="0" allowfullscreen></iframe>', 'branch/cupon/Starbucks_Coupon_2.jpg', '<!DOCTYPE html PUBLIC "-//W3C//DTD XHTML 1.0 Transitional//EN" "http://www.w3.org/TR/xhtml1/DTD/xhtml1-transitional.dtd">\r\n<html xmlns="http://www.w3.org/1999/xhtml">\r\n\r\n<head>\r\n<meta content="text/html; charset=utf-8" http-equiv="Content-Type" />\r\n<title>Untitled 1</title>\r\n<style type="text/css">\r\n.style1 {\r\n	border-width: 0px;\r\n}\r\n</style>\r\n</head>\r\n\r\n<body>\r\n2300 N Mesa St<br>\r\nEl Paso, TX 79936<br>\r\nClick\r\n<a href="https://maps.google.com/maps?q=2300+Mesa+Street,+El+Paso,+TX&amp;hl=en&amp;sll=31.839458,-106.5725&amp;sspn=0.006736,0.011362&amp;hnear=2300+N+Mesa+St,+El+Paso,+Texas+79902&amp;t=m&amp;z=17&amp;iwloc=A">HERE</a> \r\nfor Directions<h3 class="red" style="margin: 0px 0px 14px; padding: 20px 0px 0px; border: 0px; font-size: 20px; font: inherit; vertical-align: baseline; font-weight: bold; color: rgb(213, 30, 72) !important; visibility: visible; line-height: 26px; opacity: inherit; filter: inherit; font-family: Corbel, ''Trebuchet MS'', Helvetica, Arial, sans-serif; font-style: normal; font-variant: normal; letter-spacing: normal; orphans: 2; text-align: center; text-indent: 0px; text-transform: none; white-space: normal; widows: 2; word-spacing: 0px; -webkit-text-size-adjust: auto; -webkit-text-stroke-width: 0px; display: block;">\r\n<a href="http://bit.ly/kAXeYy">\r\n<img src="http://qll.co/pct/wp-content/uploads/2011/09/app-store-logo.png" height="47" width="151" class="style1" /></a>\r\n<a href="http://bit.ly/TCfSqR">  \r\n<img src="http://www.census.gov/mobile/img/google_play_icon.png" height="47" width="151" class="style1" /></a></h3>\r\n<h3 class="red" style="margin: 0px 0px 14px; padding: 20px 0px 0px; border: 0px; font-size: 20px; font: inherit; vertical-align: baseline; font-weight: bold; color: rgb(213, 30, 72) !important; visibility: visible; line-height: 26px; opacity: inherit; filter: inherit; font-family: Corbel, ''Trebuchet MS'', Helvetica, Arial, sans-serif; font-style: normal; font-variant: normal; letter-spacing: normal; orphans: 2; text-align: center; text-indent: 0px; text-transform: none; white-space: normal; widows: 2; word-spacing: 0px; -webkit-text-size-adjust: auto; -webkit-text-stroke-width: 0px; display: block;">\r\nA new gift is waiting for you!<span style="margin: 0px; padding: 0px; border: 0px; font-size: 20px; font: inherit; vertical-align: baseline; color: rgb(213, 30, 72); display: block;">Gifts \r\nfrom Starbucks, all season long.</span></h3>\r\n<p style="margin: 0px auto; padding: 0px; border: 0px; font-size: 14px; font: inherit; vertical-align: baseline; line-height: 18px; visibility: visible; color: rgb(148, 148, 148); width: 310px; opacity: inherit; filter: inherit; font-family: Corbel, ''Trebuchet MS'', Helvetica, Arial, sans-serif; font-style: normal; font-variant: normal; font-weight: normal; letter-spacing: normal; orphans: 2; text-align: center; text-indent: 0px; text-transform: none; white-space: normal; widows: 2; word-spacing: 0px; -webkit-text-size-adjust: auto; -webkit-text-stroke-width: 0px; display: block;">\r\nThe holidays are about spending time with loved ones and of course, giving \r\ngifts. Our Holiday Village is a place where you and yours can share seasonal \r\nmoments and experience the joy of the holidays each and every day.</p>\r\n</body>\r\n\r\n</html>\r\n', '', 'https://www.facebook.com/pages/Starbucks-El-Paso-Texas/282714621762648?fref=ts', '', '', '', '', 0, 'branch/background/Starbucks_Background_1.jpg', 'Star', 0, '2300 N Mesa St', '', 'El Paso', 'TX', '79912', '', '', '', ''),
(18, 3, 12, 5, '2979 pickup', '2979-pickup', 'Starbucks ', 'branch/logos/Starbucks_Logo_5.jpg', '<iframe width="560" height="315" src="http://www.youtube.com/embed/xUNz5bTw7N8" frameborder="0" allowfullscreen></iframe>', 'branch/cupon/Starbucks_Coupon_8.jpg', '<!DOCTYPE html PUBLIC "-//W3C//DTD XHTML 1.0 Transitional//EN" "http://www.w3.org/TR/xhtml1/DTD/xhtml1-transitional.dtd">\r\n<html xmlns="http://www.w3.org/1999/xhtml">\r\n\r\n<head>\r\n<meta content="text/html; charset=utf-8" http-equiv="Content-Type" />\r\n<title>Untitled 1</title>\r\n</head>\r\n\r\n<body>\r\n6015-A N. Mesa St.<br>\r\nEl Paso, TX 79912<br>\r\nClick\r\n<a href="https://maps.google.com/maps?q=6015-A+N.+Mesa+St.+El+Paso,+TX+79912&amp;hl=en&amp;ll=31.829395,-106.529188&amp;spn=0.006736,0.011362&amp;sll=37.6,-95.665&amp;sspn=50.667499,93.076172&amp;hnear=6015+N+Mesa+St,+El+Paso,+Texas+79912&amp;t=m&amp;z=17">HERE</a> \r\nfor Directions<h3 class="red" style="margin: 0px 0px 14px; padding: 20px 0px 0px; border: 0px; font-size: 20px; font: inherit; vertical-align: baseline; font-weight: bold; color: rgb(213, 30, 72) !important; visibility: visible; line-height: 26px; opacity: inherit; filter: inherit; font-family: Corbel, ''Trebuchet MS'', Helvetica, Arial, sans-serif; font-style: normal; font-variant: normal; letter-spacing: normal; orphans: 2; text-align: center; text-indent: 0px; text-transform: none; white-space: normal; widows: 2; word-spacing: 0px; -webkit-text-size-adjust: auto; -webkit-text-stroke-width: 0px; display: block;">\r\nA new gift is waiting for you!<span style="margin: 0px; padding: 0px; border: 0px; font-size: 20px; font: inherit; vertical-align: baseline; color: rgb(213, 30, 72); display: block;">Gifts \r\nfrom Starbucks, all season long.</span></h3>\r\n<p style="margin: 0px auto; padding: 0px; border: 0px; font-size: 14px; font: inherit; vertical-align: baseline; line-height: 18px; visibility: visible; color: rgb(148, 148, 148); width: 310px; opacity: inherit; filter: inherit; font-family: Corbel, ''Trebuchet MS'', Helvetica, Arial, sans-serif; font-style: normal; font-variant: normal; font-weight: normal; letter-spacing: normal; orphans: 2; text-align: center; text-indent: 0px; text-transform: none; white-space: normal; widows: 2; word-spacing: 0px; -webkit-text-size-adjust: auto; -webkit-text-stroke-width: 0px; display: block;">\r\nThe holidays are about spending time with loved ones and of course, giving \r\ngifts. Our Holiday Village is a place where you and yours can share seasonal \r\nmoments and experience the joy of the holidays each and every day.</p>\r\n</body>\r\n\r\n</html>\r\n', '', 'https://www.facebook.com/pages/Starbucks-El-Paso-Texas/282714621762648?fref=ts', '', '', '', '', 0, 'branch/background/Starbucks_Background_2.jpg', 'Star', 0, '6015-A N. Mesa St', '', 'El Paso', 'TX', '79912', '', '', '', ''),
(19, 4, 12, 5, '2979 entrance', '2979-entrance', 'Starbucks ', 'branch/logos/Starbucks_Logo_6.jpg', '<iframe width="560" height="315" src="http://www.youtube.com/embed/xUNz5bTw7N8" frameborder="0" allowfullscreen></iframe>', 'branch/cupon/Starbucks_Coupon_3.jpg', '<!DOCTYPE html PUBLIC "-//W3C//DTD XHTML 1.0 Transitional//EN" "http://www.w3.org/TR/xhtml1/DTD/xhtml1-transitional.dtd">\r\n<html xmlns="http://www.w3.org/1999/xhtml">\r\n\r\n<head>\r\n<meta content="text/html; charset=utf-8" http-equiv="Content-Type" />\r\n<title>Untitled 1</title>\r\n</head>\r\n\r\n<body>\r\n6015-A N. Mesa St.<br>\r\nEl Paso, TX 79912<br>\r\nClick\r\n<a href="https://maps.google.com/maps?q=6015-A+N.+Mesa+St.+El+Paso,+TX+79912&amp;hl=en&amp;ll=31.829395,-106.529188&amp;spn=0.006736,0.011362&amp;sll=37.6,-95.665&amp;sspn=50.667499,93.076172&amp;hnear=6015+N+Mesa+St,+El+Paso,+Texas+79912&amp;t=m&amp;z=17">HERE</a> \r\nfor Directions<h3 class="red" style="margin: 0px 0px 14px; padding: 20px 0px 0px; border: 0px; font-size: 20px; font: inherit; vertical-align: baseline; font-weight: bold; color: rgb(213, 30, 72) !important; visibility: visible; line-height: 26px; opacity: inherit; filter: inherit; font-family: Corbel, ''Trebuchet MS'', Helvetica, Arial, sans-serif; font-style: normal; font-variant: normal; letter-spacing: normal; orphans: 2; text-align: center; text-indent: 0px; text-transform: none; white-space: normal; widows: 2; word-spacing: 0px; -webkit-text-size-adjust: auto; -webkit-text-stroke-width: 0px; display: block;">\r\nA new gift is waiting for you!<span style="margin: 0px; padding: 0px; border: 0px; font-size: 20px; font: inherit; vertical-align: baseline; color: rgb(213, 30, 72); display: block;">Gifts \r\nfrom Starbucks, all season long.</span></h3>\r\n<p style="margin: 0px auto; padding: 0px; border: 0px; font-size: 14px; font: inherit; vertical-align: baseline; line-height: 18px; visibility: visible; color: rgb(148, 148, 148); width: 310px; opacity: inherit; filter: inherit; font-family: Corbel, ''Trebuchet MS'', Helvetica, Arial, sans-serif; font-style: normal; font-variant: normal; font-weight: normal; letter-spacing: normal; orphans: 2; text-align: center; text-indent: 0px; text-transform: none; white-space: normal; widows: 2; word-spacing: 0px; -webkit-text-size-adjust: auto; -webkit-text-stroke-width: 0px; display: block;">\r\nThe holidays are about spending time with loved ones and of course, giving \r\ngifts. Our Holiday Village is a place where you and yours can share seasonal \r\nmoments and experience the joy of the holidays each and every day.</p>\r\n</body>\r\n\r\n</html>\r\n', '', 'https://www.facebook.com/pages/Starbucks-El-Paso-Texas/282714621762648?fref=ts', '', '', '', '', 0, 'branch/background/Starbucks_Background_3.jpg', 'Star', 0, '6015-A N. Mesa St', '', 'El Paso', 'TX', '79912', '', '', '', ''),
(20, 5, 12, 8, '6642 pickup', '6642-pickup', 'Starbucks ', 'branch/logos/Starbucks_Logo_7.jpg', '<iframe width="560" height="315" src="http://www.youtube.com/embed/xUNz5bTw7N8" frameborder="0" allowfullscreen></iframe>', 'branch/cupon/Starbucks_Coupon_4.jpg', '<!DOCTYPE html PUBLIC "-//W3C//DTD XHTML 1.0 Transitional//EN" "http://www.w3.org/TR/xhtml1/DTD/xhtml1-transitional.dtd">\r\n<html xmlns="http://www.w3.org/1999/xhtml">\r\n\r\n<head>\r\n<meta content="text/html; charset=utf-8" http-equiv="Content-Type" />\r\n<title>Untitled 1</title>\r\n</head>\r\n\r\n<body>\r\n1325 George Dieter Drive #A<br>\r\nEl Paso, TX 79936<br>\r\nClick\r\n<a href="https://maps.google.com/maps?q=1325+George+Dieter+Drive+El+Paso,+TX+79936&amp;hl=en&amp;ll=31.724188,-106.302906&amp;spn=0.006744,0.011362&amp;sll=37.6,-95.665&amp;sspn=50.667499,93.076172&amp;hnear=1325+George+Dieter+Dr,+El+Paso,+Texas+79936&amp;t=m&amp;z=17&amp;iwloc=A">HERE</a> \r\nfor Directions<h3 class="red" style="margin: 0px 0px 14px; padding: 20px 0px 0px; border: 0px; font-size: 20px; font: inherit; vertical-align: baseline; font-weight: bold; color: rgb(213, 30, 72) !important; visibility: visible; line-height: 26px; opacity: inherit; filter: inherit; font-family: Corbel, ''Trebuchet MS'', Helvetica, Arial, sans-serif; font-style: normal; font-variant: normal; letter-spacing: normal; orphans: 2; text-align: center; text-indent: 0px; text-transform: none; white-space: normal; widows: 2; word-spacing: 0px; -webkit-text-size-adjust: auto; -webkit-text-stroke-width: 0px; display: block;">\r\nA new gift is waiting for you!<span style="margin: 0px; padding: 0px; border: 0px; font-size: 20px; font: inherit; vertical-align: baseline; color: rgb(213, 30, 72); display: block;">Gifts \r\nfrom Starbucks, all season long.</span></h3>\r\n<p style="margin: 0px auto; padding: 0px; border: 0px; font-size: 14px; font: inherit; vertical-align: baseline; line-height: 18px; visibility: visible; color: rgb(148, 148, 148); width: 310px; opacity: inherit; filter: inherit; font-family: Corbel, ''Trebuchet MS'', Helvetica, Arial, sans-serif; font-style: normal; font-variant: normal; font-weight: normal; letter-spacing: normal; orphans: 2; text-align: center; text-indent: 0px; text-transform: none; white-space: normal; widows: 2; word-spacing: 0px; -webkit-text-size-adjust: auto; -webkit-text-stroke-width: 0px; display: block;">\r\nThe holidays are about spending time with loved ones and of course, giving \r\ngifts. Our Holiday Village is a place where you and yours can share seasonal \r\nmoments and experience the joy of the holidays each and every day.</p>\r\n</body>\r\n\r\n</html>\r\n', '', 'https://www.facebook.com/pages/Starbucks-El-Paso-Texas/282714621762648?fref=ts', '', '', '', '', 0, 'branch/background/Starbucks_Background_4.jpg', 'Star', 0, '1325 George Dieter Drive #A', '', 'El Paso', 'TX', '79936', '', '', '', ''),
(21, 6, 12, 8, '6642 entrance', '6642-entrance', 'Starbucks ', 'branch/logos/Starbucks_Logo_8.jpg', '<iframe width="560" height="315" src="http://www.youtube.com/embed/xUNz5bTw7N8" frameborder="0" allowfullscreen></iframe>', 'branch/cupon/Starbucks_Coupon_5.jpg', '<!DOCTYPE html PUBLIC "-//W3C//DTD XHTML 1.0 Transitional//EN" "http://www.w3.org/TR/xhtml1/DTD/xhtml1-transitional.dtd">\r\n<html xmlns="http://www.w3.org/1999/xhtml">\r\n\r\n<head>\r\n<meta content="text/html; charset=utf-8" http-equiv="Content-Type" />\r\n<title>Untitled 1</title>\r\n</head>\r\n\r\n<body>\r\n1325 George Dieter Drive #A<br>\r\nEl Paso, TX 79936<br>\r\nClick\r\n<a href="https://maps.google.com/maps?q=1325+George+Dieter+Drive+El+Paso,+TX+79936&amp;hl=en&amp;ll=31.724188,-106.302906&amp;spn=0.006744,0.011362&amp;sll=37.6,-95.665&amp;sspn=50.667499,93.076172&amp;hnear=1325+George+Dieter+Dr,+El+Paso,+Texas+79936&amp;t=m&amp;z=17&amp;iwloc=A">HERE</a> \r\nfor Directions<h3 class="red" style="margin: 0px 0px 14px; padding: 20px 0px 0px; border: 0px; font-size: 20px; font: inherit; vertical-align: baseline; font-weight: bold; color: rgb(213, 30, 72) !important; visibility: visible; line-height: 26px; opacity: inherit; filter: inherit; font-family: Corbel, ''Trebuchet MS'', Helvetica, Arial, sans-serif; font-style: normal; font-variant: normal; letter-spacing: normal; orphans: 2; text-align: center; text-indent: 0px; text-transform: none; white-space: normal; widows: 2; word-spacing: 0px; -webkit-text-size-adjust: auto; -webkit-text-stroke-width: 0px; display: block;">\r\n<a href="http://bit.ly/kAXeYy">\r\n<img src="http://qll.co/pct/wp-content/uploads/2011/09/app-store-logo.png" height="47" width="151" class="style1" /></a>\r\n<a href="http://bit.ly/TCfSqR">  \r\n<img src="http://www.census.gov/mobile/img/google_play_icon.png" height="47" width="151" class="style1" /></a></h3>\r\n<h3 class="red" style="margin: 0px 0px 14px; padding: 20px 0px 0px; border: 0px; font-size: 20px; font: inherit; vertical-align: baseline; font-weight: bold; color: rgb(213, 30, 72) !important; visibility: visible; line-height: 26px; opacity: inherit; filter: inherit; font-family: Corbel, ''Trebuchet MS'', Helvetica, Arial, sans-serif; font-style: normal; font-variant: normal; letter-spacing: normal; orphans: 2; text-align: center; text-indent: 0px; text-transform: none; white-space: normal; widows: 2; word-spacing: 0px; -webkit-text-size-adjust: auto; -webkit-text-stroke-width: 0px; display: block;">\r\nA new gift is waiting for you!<span style="margin: 0px; padding: 0px; border: 0px; font-size: 20px; font: inherit; vertical-align: baseline; color: rgb(213, 30, 72); display: block;">Gifts \r\nfrom Starbucks, all season long.</span></h3>\r\n<p style="margin: 0px auto; padding: 0px; border: 0px; font-size: 14px; font: inherit; vertical-align: baseline; line-height: 18px; visibility: visible; color: rgb(148, 148, 148); width: 310px; opacity: inherit; filter: inherit; font-family: Corbel, ''Trebuchet MS'', Helvetica, Arial, sans-serif; font-style: normal; font-variant: normal; font-weight: normal; letter-spacing: normal; orphans: 2; text-align: center; text-indent: 0px; text-transform: none; white-space: normal; widows: 2; word-spacing: 0px; -webkit-text-size-adjust: auto; -webkit-text-stroke-width: 0px; display: block;">\r\nThe holidays are about spending time with loved ones and of course, giving \r\ngifts. Our Holiday Village is a place where you and yours can share seasonal \r\nmoments and experience the joy of the holidays each and every day.</p>\r\n</body>\r\n\r\n</html>\r\n', '', 'https://www.facebook.com/pages/Starbucks-El-Paso-Texas/282714621762648?fref=ts', '', '', '', '', 0, 'branch/background/Starbucks_Background_5.jpg', 'Star', 0, '1325 George Dieter Drive #A', '', 'El Paso', 'TX', '79936', '', '', '', ''),
(22, 7, 12, 5, '10878 pickup', '10878-pickup', 'Starbucks ', 'branch/logos/Starbucks_Logo_9.jpg', '<iframe width="560" height="315" src="http://www.youtube.com/embed/xUNz5bTw7N8" frameborder="0" allowfullscreen></iframe>', 'branch/cupon/Starbucks_Coupon_6.jpg', '<!DOCTYPE html PUBLIC "-//W3C//DTD XHTML 1.0 Transitional//EN" "http://www.w3.org/TR/xhtml1/DTD/xhtml1-transitional.dtd">\r\n<html xmlns="http://www.w3.org/1999/xhtml">\r\n\r\n<head>\r\n<meta content="text/html; charset=utf-8" http-equiv="Content-Type" />\r\n<title>Untitled 1</title>\r\n</head>\r\n\r\n<body>\r\n7829 N Mesa St<br>\r\nEl Paso, TX 79936<br>\r\nClick\r\n<a href="https://maps.google.com/maps?q=7829+Mesa+Street,+El+Paso,+TX&amp;hl=en&amp;ll=31.839458,-106.5725&amp;spn=0.006736,0.011362&amp;sll=31.83966,-106.572146&amp;sspn=0.006736,0.011362&amp;hnear=7829+N+Mesa+St,+El+Paso,+Texas+79932&amp;t=m&amp;z=17&amp;iwloc=A">HERE</a> \r\nfor Directions<h3 class="red" style="margin: 0px 0px 14px; padding: 20px 0px 0px; border: 0px; font-size: 20px; font: inherit; vertical-align: baseline; font-weight: bold; color: rgb(213, 30, 72) !important; visibility: visible; line-height: 26px; opacity: inherit; filter: inherit; font-family: Corbel, ''Trebuchet MS'', Helvetica, Arial, sans-serif; font-style: normal; font-variant: normal; letter-spacing: normal; orphans: 2; text-align: center; text-indent: 0px; text-transform: none; white-space: normal; widows: 2; word-spacing: 0px; -webkit-text-size-adjust: auto; -webkit-text-stroke-width: 0px; display: block;">\r\nA new gift is waiting for you!<span style="margin: 0px; padding: 0px; border: 0px; font-size: 20px; font: inherit; vertical-align: baseline; color: rgb(213, 30, 72); display: block;">Gifts \r\nfrom Starbucks, all season long.</span></h3>\r\n<p style="margin: 0px auto; padding: 0px; border: 0px; font-size: 14px; font: inherit; vertical-align: baseline; line-height: 18px; visibility: visible; color: rgb(148, 148, 148); width: 310px; opacity: inherit; filter: inherit; font-family: Corbel, ''Trebuchet MS'', Helvetica, Arial, sans-serif; font-style: normal; font-variant: normal; font-weight: normal; letter-spacing: normal; orphans: 2; text-align: center; text-indent: 0px; text-transform: none; white-space: normal; widows: 2; word-spacing: 0px; -webkit-text-size-adjust: auto; -webkit-text-stroke-width: 0px; display: block;">\r\nThe holidays are about spending time with loved ones and of course, giving \r\ngifts. Our Holiday Village is a place where you and yours can share seasonal \r\nmoments and experience the joy of the holidays each and every day.</p>\r\n</body>\r\n\r\n</html>\r\n', '', 'https://www.facebook.com/pages/Starbucks-El-Paso-Texas/282714621762648?fref=ts', '', '', '', '', 0, 'branch/background/Starbucks_Background_6.jpg', 'Star', 0, '7829 N Mesa St', '', 'El Paso', 'TX', '79912', '', '', '', ''),
(23, 8, 12, 5, '10878 entrance', '10878-entrance', 'Starbucks ', 'branch/logos/Starbucks_Logo_10.jpg', '<iframe width="560" height="315" src="http://www.youtube.com/embed/xUNz5bTw7N8" frameborder="0" allowfullscreen></iframe>', 'branch/cupon/Starbucks_Coupon_7.jpg', '<!DOCTYPE html PUBLIC "-//W3C//DTD XHTML 1.0 Transitional//EN" "http://www.w3.org/TR/xhtml1/DTD/xhtml1-transitional.dtd">\r\n<html xmlns="http://www.w3.org/1999/xhtml">\r\n\r\n<head>\r\n<meta content="text/html; charset=utf-8" http-equiv="Content-Type" />\r\n<title>Untitled 1</title>\r\n</head>\r\n\r\n<body>\r\n7829 N Mesa St<br>\r\nEl Paso, TX 79936<br>\r\nClick\r\n<a href="https://maps.google.com/maps?q=7829+Mesa+Street,+El+Paso,+TX&amp;hl=en&amp;ll=31.839458,-106.5725&amp;spn=0.006736,0.011362&amp;sll=31.83966,-106.572146&amp;sspn=0.006736,0.011362&amp;hnear=7829+N+Mesa+St,+El+Paso,+Texas+79932&amp;t=m&amp;z=17&amp;iwloc=A">HERE</a> \r\nfor Directions<h3 class="red" style="margin: 0px 0px 14px; padding: 20px 0px 0px; border: 0px; font-size: 20px; font: inherit; vertical-align: baseline; font-weight: bold; color: rgb(213, 30, 72) !important; visibility: visible; line-height: 26px; opacity: inherit; filter: inherit; font-family: Corbel, ''Trebuchet MS'', Helvetica, Arial, sans-serif; font-style: normal; font-variant: normal; letter-spacing: normal; orphans: 2; text-align: center; text-indent: 0px; text-transform: none; white-space: normal; widows: 2; word-spacing: 0px; -webkit-text-size-adjust: auto; -webkit-text-stroke-width: 0px; display: block;">\r\nA new gift is waiting for you!<span style="margin: 0px; padding: 0px; border: 0px; font-size: 20px; font: inherit; vertical-align: baseline; color: rgb(213, 30, 72); display: block;">Gifts \r\nfrom Starbucks, all season long.</span></h3>\r\n<p style="margin: 0px auto; padding: 0px; border: 0px; font-size: 14px; font: inherit; vertical-align: baseline; line-height: 18px; visibility: visible; color: rgb(148, 148, 148); width: 310px; opacity: inherit; filter: inherit; font-family: Corbel, ''Trebuchet MS'', Helvetica, Arial, sans-serif; font-style: normal; font-variant: normal; font-weight: normal; letter-spacing: normal; orphans: 2; text-align: center; text-indent: 0px; text-transform: none; white-space: normal; widows: 2; word-spacing: 0px; -webkit-text-size-adjust: auto; -webkit-text-stroke-width: 0px; display: block;">\r\nThe holidays are about spending time with loved ones and of course, giving \r\ngifts. Our Holiday Village is a place where you and yours can share seasonal \r\nmoments and experience the joy of the holidays each and every day.</p>\r\n</body>\r\n\r\n</html>\r\n', '', 'https://www.facebook.com/pages/Starbucks-El-Paso-Texas/282714621762648?fref=ts', '', '', '', '', 0, 'branch/background/Starbucks_Background_7.jpg', 'Star', 0, '7829 N Mesa St', '', 'El Paso', 'TX', '79912', '', '', '', ''),
(24, 465165, 13, 1, 'Burger king ', 'burger-king', 'Burger King ', 'branch/logos/Burger_King_Logo.jpg', '<iframe width="560" height="315" src="http://www.youtube.com/embed/y4CEr1RwKMk" frameborder="0" allowfullscreen></iframe>', 'branch/cupon/coupon_copy.jpg', '<html>\r\n\r\n<head>\r\n<style type="text/css">\r\n.style1 {\r\n	text-align: center;\r\n}\r\n.style2 {\r\n	border-width: 0px;\r\n}\r\n</style>\r\n</head>\r\n\r\n<body>\r\n\r\n<div class="style1">\r\n	<a href="http://www.burgerkingpr.com/bk-rewards">\r\n\r\n<img src="https://sphotos-b.xx.fbcdn.net/hphotos-snc6/263475_10151241836492779_1775663386_n.jpg" class="style2"></a>\r\n</div>\r\n\r\n</body>\r\n\r\n</html>\r\n', '', 'https://www.facebook.com/burgerkingpr', '', '', '', '', 0, 'branch/background/Burger_King_Background_1.jpg', '', 0, '', '', '', '', '', '', '', '', ''),
(25, 4514, 14, 5, 'Ford', 'ford', 'Ford Trucks ', 'branch/logos/ford.jpg', '<iframe width="560" height="315" src="http://www.youtube.com/embed/y6GkTdGc4Z4" frameborder="0" allowfullscreen></iframe>', 'branch/cupon/Print_Coupon_-.png', '<html>\r\n\r\n<head>\r\n<meta content="en-us" http-equiv="Content-Language">\r\n<style type="text/css">\r\n.style1 {\r\n	text-align: right;\r\n}\r\n.style2 {\r\n	border-width: 0px;\r\n	font-size: medium;\r\n	font-family: Arial, Helvetica, sans-serif;\r\n}\r\n.style4 {\r\n	font-family: Arial, Helvetica, sans-serif;\r\n	font-size: medium;\r\n}\r\n</style>\r\n</head>\r\n\r\n<body>\r\n<div class="style1">\r\n\r\n	<a href="http://www.ford.com">\r\n\r\n	<img class="style2" height="114" src="http://images.wikia.com/automobile/images/e/ea/Ford_logo.jpg" style="float: left" width="228"></a><br>\r\n	<span style="color: rgb(34, 34, 34); font-style: normal; font-variant: normal; font-weight: normal; letter-spacing: normal; line-height: normal; orphans: 2; text-align: left; text-indent: 0px; text-transform: none; white-space: normal; widows: 2; word-spacing: 0px; -webkit-text-size-adjust: auto; -webkit-text-stroke-width: 0px; background-color: rgb(255, 255, 255);" class="style4">\r\n	<br><br>&nbsp;\r\n	</span>\r\n	<span style="color: rgb(34, 34, 34); font-family: arial, sans-serif; font-size: small; font-style: normal; font-variant: normal; font-weight: normal; letter-spacing: normal; line-height: normal; orphans: 2; text-align: left; text-indent: 0px; text-transform: none; white-space: normal; widows: 2; word-spacing: 0px; -webkit-text-size-adjust: auto; -webkit-text-stroke-width: 0px; background-color: rgb(255, 255, 255);"><br></span></div>\r\n<img height="356" src="http://nfc.701010.com/media/branch/galery/Your_Local_Ford_Dealer_-_Google_Chrome_2012-11-14_15-54-00.png" width="1025"><div><br>Visit are FORD dealer \r\nfor YEAR END CELEBRATION\r\n\r\n</body>\r\n\r\n</html>\r\n', '', '', '', '', '', '', 0, 'branch/background/ford_back1_1.jpg', '', 0, '', '', '', '', '', '', '', '', ''),
(26, 115, 15, 4, 'HGTV', 'hgtv', 'HGTV', 'branch/logos/hgtv_magazine_header_logo.ashx.jpg', '<iframe width="420" height="315" src="http://www.youtube.com/embed/jD5VOWkj9zk" frameborder="0" allowfullscreen></iframe>', 'branch/cupon/bath__body.png', 'Transform your home with inspiration and instruction from HGTV for your home design, decorating, landscaping', '', '', '', '', '', '', 0, '', '', 0, '', '', '', '', '', '', '', '', ''),
(27, 12342, 16, 5, 'Goya', 'goya', 'GOYA', 'branch/logos/GOYA_logo.jpg', '<iframe width="560" height="315" src="http://www.youtube.com/embed/1E_GMhM0TJY" frameborder="0" allowfullscreen></iframe>', 'branch/cupon/T2eC16RE9s2fCHcpBP-GKhphTg60_35.JPG', '<html>\r\n\r\n<head>\r\n<style type="text/css">\r\n.style1 {\r\n	color: #808080;\r\n}\r\n</style>\r\n</head>\r\n\r\n<body class="style1">\r\n<strong>Goya''s Favorite Recipes <br><br> </strong>\r\n&nbsp;&nbsp;&nbsp;&nbsp;&nbsp; &nbsp;&nbsp;&nbsp;&nbsp;&nbsp;&nbsp;\r\n\r\n\r\n<div class="item" style="float: left; width: 155px; text-align: center; padding: 0px 20px; color: rgb(0, 0, 0); font-family: Arial, sans-serif; font-size: 11px; font-style: normal; font-variant: normal; font-weight: normal; letter-spacing: normal; line-height: normal; orphans: 2; text-indent: 0px; text-transform: none; white-space: normal; widows: 2; word-spacing: 0px; -webkit-text-size-adjust: auto; -webkit-text-stroke-width: 0px; background-color: rgb(249, 249, 248);">\r\n	<div class="image1" style="height: 120px; width: 150px; text-align: center; padding-top: 20px;">\r\n		<a href="http://www.goya.com/english/recipes/roasted-turkey" style="color: rgb(26, 58, 140); text-decoration: initial;">\r\n		<img alt="Roasted Turkey a la Goya" border="0" src="http://images.goya.com.s3.amazonaws.com/images/thanksgiving/2012/recipes-med1.jpg"></a></div>\r\n	<p class="title" style="font-size: 12px; margin: 0px; padding: 10px 0px 0px; line-height: 14px; text-align: left; color: rgb(102, 102, 102);">\r\n	<a href="http://www.goya.com/english/recipes/roasted-turkey" style="color: rgb(26, 58, 140); text-decoration: initial;">\r\n	Roasted Turkey a la Goya</a></p>\r\n	<p style="font-size: 11px; margin: 0px; padding: 10px 0px 0px; line-height: 12px; text-align: left; color: rgb(102, 102, 102);">\r\n	<br>A crisp-skinned holiday turkey is a time-honored Goya family tradition.</p>\r\n</div>\r\n<div class="item" style="float: left; width: 155px; text-align: center; padding: 0px 20px; color: rgb(0, 0, 0); font-family: Arial, sans-serif; font-size: 11px; font-style: normal; font-variant: normal; font-weight: normal; letter-spacing: normal; line-height: normal; orphans: 2; text-indent: 0px; text-transform: none; white-space: normal; widows: 2; word-spacing: 0px; -webkit-text-size-adjust: auto; -webkit-text-stroke-width: 0px; background-color: rgb(249, 249, 248);">\r\n	<div class="image1" style="height: 120px; width: 150px; text-align: center; padding-top: 20px;">\r\n		<a href="http://www.goya.com/english/recipes/roast-adobo-pork-loin" style="color: rgb(26, 58, 140); text-decoration: initial;">\r\n		<img alt="Roast Adobo Pork Loin" border="0" src="http://images.goya.com.s3.amazonaws.com/images/thanksgiving/2012/recipes-med2.jpg"></a></div>\r\n	<p class="title" style="font-size: 12px; margin: 0px; padding: 10px 0px 0px; line-height: 14px; text-align: left; color: rgb(102, 102, 102);">\r\n	<a href="http://www.goya.com/english/recipes/roast-adobo-pork-loin" style="color: rgb(26, 58, 140); text-decoration: initial;">\r\n	Roast Adobo Pork Loin</a></p>\r\n	<p style="font-size: 11px; margin: 0px; padding: 10px 0px 0px; line-height: 12px; text-align: left; color: rgb(102, 102, 102);">\r\n	<br>The secret to this delicious roast pork is a bold, Latin-style seasoning \r\n	rub featuring...</p>\r\n</div>\r\n<div class="item" style="float: left; width: 155px; text-align: center; padding: 0px 20px; color: rgb(0, 0, 0); font-family: Arial, sans-serif; font-size: 11px; font-style: normal; font-variant: normal; font-weight: normal; letter-spacing: normal; line-height: normal; orphans: 2; text-indent: 0px; text-transform: none; white-space: normal; widows: 2; word-spacing: 0px; -webkit-text-size-adjust: auto; -webkit-text-stroke-width: 0px; background-color: rgb(249, 249, 248);">\r\n	<div class="image1" style="height: 120px; width: 150px; text-align: center; padding-top: 20px;">\r\n		<a href="http://www.goya.com/english/recipes/turkey-breast-stuffed-with-rice-and-beans" style="color: rgb(26, 58, 140); text-decoration: initial;">\r\n		<img alt="Turkey Breast Stuffed with Rice and Beans" border="0" src="http://images.goya.com.s3.amazonaws.com/images/thanksgiving/2012/recipes-med3.jpg"></a></div>\r\n	<p class="title" style="font-size: 12px; margin: 0px; padding: 10px 0px 0px; line-height: 14px; text-align: left; color: rgb(102, 102, 102);">\r\n	<a href="http://www.goya.com/english/recipes/turkey-breast-stuffed-with-rice-and-beans" style="color: rgb(26, 58, 140); text-decoration: initial;">\r\n	Turkey Breast Stuffed with Rice and Beans</a></p>\r\n	<p style="font-size: 11px; margin: 0px; padding: 10px 0px 0px; line-height: 12px; text-align: left; color: rgb(102, 102, 102);">\r\n	For a fresh, healthy take on a holiday classic, treat your family to this \r\n	tender turkey breast...</p>\r\n</div>\r\n<p>&nbsp;</p>\r\n<p>&nbsp;</p>\r\n&nbsp;<p>&nbsp;</p>\r\n\r\n\r\n</body>\r\n\r\n</html>\r\n', '<!DOCTYPE html PUBLIC "-//W3C//DTD XHTML 1.0 Transitional//EN" "http://www.w3.org/TR/xhtml1/DTD/xhtml1-transitional.dtd">\r\n<html xmlns="http://www.w3.org/1999/xhtml">\r\n\r\n<head>\r\n<meta content="text/html; charset=utf-8" http-equiv="Content-Type" />\r\n<title>Untitled 1</title>\r\n<style type="text/css">\r\n.style1 {\r\n	text-align: center;\r\n}\r\n</style>\r\n</head>\r\n\r\n<body>\r\n\r\n<div class="style1">\r\n\r\n<img src="http://media.couponrefund.com/products/1203273245910coupons.jpg" />\r\n\r\n</div>\r\n\r\n</body>\r\n\r\n</html>\r\n', '', '', '', '', '', 0, 'branch/background/Light_Blue_Background_with_Texture.jpg', '', 0, '', '', '', '', '', '', '', '', ''),
(28, 9851951, 17, 9, 'SKF', 'skf', 'SKF', 'branch/logos/SKF_logo_copy.jpg', '<iframe width="560" height="315" src="http://www.youtube.com/embed/8bZj2yZyYzg" frameborder="0" allowfullscreen></iframe>', '', '', '', '', '', '', '', '', 0, '', '', 0, '', '', '', '', '', '', '', '', ''),
(29, 96516, 18, 9, 'dunkin donuts', 'dunkin-donuts', 'Dunkin'' Donuts', 'branch/logos/photo.jpg', '<iframe width="560" height="315" src="http://www.youtube.com/embed/tDRsJUZRYM8" frameborder="0" allowfullscreen></iframe>', 'branch/cupon/images_2.jpg', '<!DOCTYPE html PUBLIC "-//W3C//DTD XHTML 1.0 Transitional//EN" "http://www.w3.org/TR/xhtml1/DTD/xhtml1-transitional.dtd">\r\n<html xmlns="http://www.w3.org/1999/xhtml">\r\n\r\n<head>\r\n<meta content="text/html; charset=utf-8" http-equiv="Content-Type" />\r\n<title>Untitled 2</title>\r\n<style type="text/css">\r\n.style1 {\r\n	text-align: center;\r\n}\r\n.style2 {\r\n	color: #800000;\r\n	font-size: xx-large;\r\n}\r\n.style3 {\r\n	border-width: 0px;\r\n}\r\n.style4 {\r\n	font-size: xx-small;\r\n}\r\n</style>\r\n</head>\r\n\r\n<body>\r\n\r\n<div class="style1">\r\n\r\n<img src="http://www.dunkindonuts.com/etc/designs/dunkindonuts/componentlibs/mobile/img/img_hero.png" height="301" width="438" />\r\n	<br />\r\nThe new Dunkin&#39; mobile app is here. Get it now for easy payments, DD card \r\n	gifting, a Dunkin&#39; store locator, menu and nutrition info, and more.<br />\r\n	<br />\r\n	<span class="style4">Mobile payment is only good at \r\n	participating U.S. Dunkin Donuts locations.</span><br />\r\n	<br />\r\n	<span class="style2"><strong>Download Now</strong></span> <br />\r\n	<br />\r\n	<a href="http://itunes.apple.com/us/app/dunkin-donuts/id552020897?mt=8">\r\n	<img src="http://www.dunkindonuts.com/etc/designs/dunkindonuts/componentlibs/mobile/img/btn_app_store.png" class="style3" /></a><a href="https://play.google.com/store/apps/details?id=com.skcc.corfire.dd&amp;amp;hl=en"><img src="http://www.dunkindonuts.com/etc/designs/dunkindonuts/componentlibs/mobile/img/btn_google_play.png" class="style3" /></a></div>\r\n\r\n</body>\r\n\r\n</html>\r\n', '', '', '', '', '', '', 1, '', '', 0, '', '', '', '', '', '', '', '', ''),
(30, 4132, 20, 5, 'Marriott', 'marriott', 'Marriott', 'branch/logos/ma_1.png', '<META http-equiv="refresh" content="0.0000; url=http://www.youtube.com/watch?list=PLAABAF5E1CA1162FE&v=K8EhJrQSzZs&feature=player_embedded">', '', '', '', '', '', '', '', '', 0, '', '', 0, '', '', '', '', '', '', '', '', ''),
(31, 4514, 21, 5, 'B', 'b', 'Bowman Chrome 16 Peter Tago', 'branch/logos/logo_581_1.jpg', '<iframe src=''http://mlb.mlb.com/shared/video/embed/embed.html?content_id=7222481&width=560&height=315&property=mlb'' width="560" height="315" frameborder=''0''>Your browser does not support iframes.</iframe>', '', '<!DOCTYPE html PUBLIC "-//W3C//DTD XHTML 1.0 Transitional//EN" "http://www.w3.org/TR/xhtml1/DTD/xhtml1-transitional.dtd">\r\n<html xmlns="http://www.w3.org/1999/xhtml">\r\n\r\n<head>\r\n<meta content="en-us" http-equiv="Content-Language" />\r\n<meta content="text/html; charset=utf-8" http-equiv="Content-Type" />\r\n<title>Untitled 1</title>\r\n<style type="text/css">\r\n.style1 {\r\n	font-size: x-large;\r\n}\r\n</style>\r\n</head>\r\n\r\n<body>\r\n\r\n<p class="style1"><strong>\r\n<a href="http://www.baseball-reference.com/minors/player.cgi?id=tago--001pet#standard_pitching::none">\r\nClick here for updated stats </a></strong></p>\r\n<body>\r\n\r\n</body>\r\n\r\n</html>\r\n', '', '', '', '', '', '', 0, '', '', 0, '', '', '', '', '', '', '', '', '');
INSERT INTO `customers_branch` (`id`, `tag_id`, `Customer_id`, `ZipCode_id`, `name`, `slug`, `Title`, `Logo`, `Video`, `Coupon`, `Description`, `Contact`, `facebook`, `gmail`, `twitter`, `mail`, `website`, `featured`, `background_img`, `id_body`, `show_dir`, `dir_1`, `dir_2`, `cd`, `state`, `zip_code`, `info_cupon`, `image_cupon`, `latitude`, `longitude`) VALUES
(32, 10202, 22, 5, 'Checkin', 'checkin', ' ', 'branch/logos/sp.png', '<img src="http://whiteyball.files.wordpress.com/2007/04/greer-stadium-2.jpg" width="800">', '', '<html>\r\n\r\n<head>\r\n<meta content="en-us" http-equiv="Content-Language" />\r\n<meta content="text/html; charset=utf-8" http-equiv="Content-Type" />\r\n<title>701010 SPORTS History Check-In</title>\r\n</head>\r\n\r\n<body>\r\n\r\n<h2 style="margin: 10px 0px; font-family: ''Helvetica Neue'', Helvetica, Arial, sans-serif; font-weight: bold; line-height: 40px; color: rgb(0, 146, 72); text-rendering: optimizelegibility; font-size: 30px; font-style: normal; font-variant: normal; letter-spacing: normal; orphans: 2; text-align: start; text-indent: 0px; text-transform: none; white-space: normal; widows: 2; word-spacing: 0px; -webkit-text-size-adjust: auto; -webkit-text-stroke-width: 0px; background-color: rgb(255, 255, 255);">\r\n701010 SPORTS History<br /> Check-In</h2>\r\n<p>&nbsp;</p>\r\n\r\nIn order to receive your 701010 SPORT Passport stamps, <br />\r\nyou must create a user login and password. This<br />\r\nis your mobile number and your zip code. Your<br />\r\nstamps and any 701010 SPORT History cards will be<br />\r\ndelivered via MMS message to your mobile phone. <br />\r\nYou will use this info every time you check-in.<br />\r\n<br />\r\n										<form>\r\n										Your Mobile Number :\r\n										<br />\r\n										<input type="tel" maxlength="10" name="number"  onClick="this.value=''''" style="width: 98px; height: 24px" size="10" value="Mobile Number"/>\r\n										<br />\r\n										Your Zip Code&nbsp; : 										<br />\r\n										<input type="tel" maxlength="5" name="number"  onClick="this.value=''''" style="width: 98px; height: 24px" size="5" value="Zip Code"/>\r\n										<br />\r\n										\r\n<script type="text/javascript">\r\n<!--\r\nfunction PopupCenter()\r\n  {\r\n  alert(''\\t''+ "701010 SPORTS" + ''\\n\\t'' + "Your Passport Hass Been Stamped!" + ''\\n\\t'' + "Greer Stadium" + ''\\n\\t'' + "December 4, 2012");\r\n  }//-->\r\n</script><br />\r\n<input type="button" onclick="PopupCenter()" value="Stamp Your Passport">;\r\n									<br />\r\n\r\n\r\n\r\n	<br />\r\n										</form>\r\n\r\n</body>\r\n\r\n</html>\r\n', '', '', '', '', '', '', 0, '', '', 0, '', '', '', '', '', '', '', '', ''),
(33, 651635, 23, 5, 'Choice', 'choice', 'Charlotte Knights ', 'branch/logos/Knights_1.png', '', 'branch/cupon/0339_001.jpg', '<!DOCTYPE html PUBLIC "-//W3C//DTD XHTML 1.0 Transitional//EN" "http://www.w3.org/TR/xhtml1/DTD/xhtml1-transitional.dtd">\r\n<html xmlns="http://www.w3.org/1999/xhtml">\r\n\r\n<head>\r\n<meta content="en-us" http-equiv="Content-Language" />\r\n<meta content="text/html; charset=utf-8" http-equiv="Content-Type" />\r\n<title>Untitled 1</title>\r\n<style type="text/css">\r\n.style1 {\r\n	font-size: x-large;\r\n}\r\n</style>\r\n</head>\r\n\r\n<body>\r\n\r\n<p class="style1"><strong>\r\n<a href="http://www.baseball-reference.com/players/t/thomeji01.shtml">\r\nJim Thome stats. Click here for updated stats </a></strong></p>\r\n<body>\r\n\r\n</body>\r\n\r\n</html>\r\n', '', '', '', '', '', '', 0, '', '', 0, 'Test dir', 'Test dir 2', 'adf', 'dsfasdf', '32157', 'Lorem Ipsum is simply dummy text of the printing and typesetting industry. Lorem Ipsum has been the industry''s standard dummy text ever since the 1500s, when an unknown printer took a galley of type and scrambled it to make a type specimen book. It has survived not only five centuries, but al', 'branch/cupon/info/images_12.jpg', '', ''),
(34, 20200, 24, 5, 'TOYOTA', 'toyota', 'TOYOTHON IS ON! ', 'branch/logos/toyota.jpg', '<iframe width="560" height="315" src="http://www.youtube.com/embed/74JWI5oYCxQ" frameborder="0" allowfullscreen></iframe>', '', 'Over the past 33 years, Toyotathon has become the premier event in the automotive industry. Historically, Toyotathon is the best time of the year to purchase a new car, truck or SUV.', '', '', '', '', '', '', 0, '', '', 0, '', '', '', '', '', '', '', '', ''),
(35, 202, 25, 7, 'Budweiser,', 'budweiser', 'Budweiser', 'branch/logos/budweiser.png', '', '', '<head>\r\n<style type="text/css">\r\n.style1 {\r\n	text-align: center;\r\n}\r\n</style>\r\n</head>\r\n\r\n<div class="style1" style="width: 509px; height: 398px">\r\n<body>\r\n\r\n<p class="style1">\r\n<span style="font-size:12.0pt;font-family:&quot;Times New Roman&quot;,&quot;serif&quot;;\r\nmso-fareast-font-family:Calibri;mso-fareast-theme-font:minor-latin;mso-ansi-language:\r\nEN-US;mso-fareast-language:EN-US;mso-bidi-language:AR-SA">ID Please<br />You must be \r\nof legal drinking age to enter this site. Please present your ID by entering \r\nyour date of birth below.</span></p>\r\n<p class="style1">\r\n<span style="font-size:12.0pt;font-family:&quot;Times New Roman&quot;,&quot;serif&quot;;\r\nmso-fareast-font-family:Calibri;mso-fareast-theme-font:minor-latin;mso-ansi-language:\r\nEN-US;mso-fareast-language:EN-US;mso-bidi-language:AR-SA">&nbsp;&nbsp; </span>&nbsp;<select name="month" onChange="changeDate(this.options[selectedIndex].value);" style="width: 90px">\r\n<option value="na">Month</option>\r\n<option value="1">January</option>\r\n<option value="2">February</option>\r\n<option value="3">March</option>\r\n<option value="4">April</option>\r\n<option value="5">May</option>\r\n<option value="6">June</option>\r\n<option value="7">July</option>\r\n<option value="8">August</option>\r\n<option value="9">September</option>\r\n<option value="10">October</option>\r\n<option value="11">November</option>\r\n<option value="12">December</option>\r\n</select>\r\n<select name="day" id="day" style="width: 68px">\r\n<option value="na">Day</option>\r\n</select>\r\n<select name="year" id="year" style="width: 70px">\r\n<option value="na">Year</option>\r\n</select>\r\n<script language="JavaScript" type="text/javascript">\r\nfunction changeDate(i){\r\nvar e = document.getElementById(''day'');\r\nwhile(e.length>0)\r\ne.remove(e.length-1);\r\nvar j=-1;\r\nif(i=="na")\r\nk=0;\r\nelse if(i==2)\r\nk=28;\r\nelse if(i==4||i==6||i==9||i==11)\r\nk=30;\r\nelse\r\nk=31;\r\nwhile(j++<k){\r\nvar s=document.createElement(''option'');\r\nvar e=document.getElementById(''day'');\r\nif(j==0){\r\ns.text="Day";\r\ns.value="na";\r\ntry{\r\ne.add(s,null);}\r\ncatch(ex){\r\ne.add(s);}}\r\nelse{\r\ns.text=j;\r\ns.value=j;\r\ntry{\r\ne.add(s,null);}\r\ncatch(ex){\r\ne.add(s);}}}}\r\ny = 2010;\r\nwhile (y-->1909){\r\nvar s = document.createElement(''option'');\r\nvar e = document.getElementById(''year'');\r\ns.text=y;\r\ns.value=y;\r\ntry{\r\ne.add(s,null);}\r\ncatch(ex){\r\ne.add(s);}}\r\n</script>&nbsp; <a href="http://nfc.701010.com/budweiser/89128/budweiser1/"> <button>Submit</button> </a><br /><span class="style2">The year, month, or day was not a number. <br /> [Month/Day/Year]\r\n</span>\r\n</p>\r\n<p class="style1">\r\n<span style="font-size:12.0pt;font-family:&quot;Times New Roman&quot;,&quot;serif&quot;;\r\nmso-fareast-font-family:Calibri;mso-fareast-theme-font:minor-latin;mso-ansi-language:\r\nEN-US;mso-fareast-language:EN-US;mso-bidi-language:AR-SA">From Budweiser, the \r\nGreat American Lager, to the Budweiser Clydesdales, through to our ads and \r\ntelevision commercials, making friends has always been our first order of \r\nbusiness, and our first priority. In fact, those people who brew, deliver and \r\nserve Budweiser are your friends and neighbors. That’s why we’ll continue to \r\nbrew Budweiser and all our great beers with the commitment to quality you’ve \r\ncome to expect, ‘cause after all, friends are worth it. And like the great taste \r\nof an ice-cold Budweiser, that won’t change</span></p>\r\n<p class="style1">\r\n&nbsp;</p>\r\n\r\n</body>\r\n</div>', '', '', '', '', '', '', 0, 'branch/background/budweiser_1.jpg', '', 0, '', '', '', '', '', '', '', '', ''),
(38, 50156, 25, 4, 'Budweiser1', 'budweiser1', 'Budweiser', 'branch/logos/budweiser_3.png', '<iframe width="560" height="315" src="http://www.youtube.com/embed/4Lmtwsgn8Eg" frameborder="0" allowfullscreen></iframe>', '', '<body>\r\n\r\nEvent: MADE IN AMERICA Sponsored by BUDWEISER\r\n<br />\r\n<br />\r\nHEADER WILL BE: MADE IN AMERICA 2013.. REGISTER TO WIN!!\r\nAn exciting, two-day music festival in Philadelphia this Labor Day weekend. GREAT MUSICIANS will curate and headline the blockbuster roster of talent, which will include nearly 30 artists that embody the American spirit performing across three stages on the Benjamin Franklin Parkway in Philadelphia’s Fairmount Park.. DO NOT MISS THE MADE IN AMERICA EVENT 2013!! \r\n<br />\r\n										<form>\r\n										Your Mobile Number :\r\n										<br />\r\n										<input type="tel" maxlength="10" name="number"  onClick="this.value=''''" style="width: 98px; height: 24px" size="10" value="Mobile Number"/>\r\n										<br />\r\n										Your Zip Code&nbsp; : 										\r\n										<br />\r\n										<input type="tel" maxlength="5" name="zipcode"  onClick="this.value=''''" style="width: 98px; height: 24px" size="5" value="Zip Code"/>\r\n										<br />\r\n										<br />\r\n										</form>\r\n										<a href="http://www.madeinamericafest.com"> <button>Submit</button></a>\r\n\r\n</body>\r\n', '', '', '', '', '', '', 0, 'branch/background/budweiser_2.jpg', '', 0, '', '', '', '', '', '', '', '', ''),
(39, 6165165, 25, 2, 'Budweiser2', 'budweiser2', 'Budweiser', 'branch/logos/budweiser_4.png', '<iframe width="560" height="315" src="http://www.youtube.com/embed/7uVe4aoIF60" frameborder="0" allowfullscreen></iframe>', '', '<head>\r\n<style type="text/css">\r\n p.MsoNormal\r\n	{margin-bottom:.0001pt;\r\n	font-size:12.0pt;\r\n	font-family:"Times New Roman","serif";\r\n		margin-left: 0in;\r\n	margin-right: 0in;\r\n	margin-top: 0in;\r\n}\r\n</style>\r\n</head>\r\n\r\n<body>\r\n\r\n<p class="MsoNormal">EVENT: Austin City Limits 2013<o:p></o:p></p>\r\n<p class="MsoNormal">&nbsp;</p>\r\n<p class="MsoNormal">HEADER:&nbsp; ACL 2013 IS HEREE!!! Check the line up!! Be \r\nthe first to know who is playing and REGISTER TO WIN FREE TICKETS!!&nbsp;<o:p></o:p></p>\r\n<p class="MsoNormal">ACL: Great music, no limits!!&nbsp;<o:p></o:p></p>\r\n<p class="MsoNormal">\r\n<o:p></o:p></p>\r\n<p class="MsoNormal">\r\n<span style="font-size: 10.0pt; font-family: &quot;Arial&quot;,&quot;sans-serif&quot;; color: #222222; background: white">\r\nThe Austin City Limits Music Festival is an annual three-day American music \r\nfestival that takes place in Austin, Texas at the city&#39;s central public park, \r\nZilker Park</span><o:p></o:p></p>\r\n<br />\r\n										<form>\r\n										Your Mobile Number :\r\n										<br />\r\n										<input type="tel" maxlength="10" name="number"  onClick="this.value=''''" style="width: 98px; height: 24px" size="10" value="Mobile Number"/>\r\n										<br />\r\n										Your Zip Code&nbsp; : 										\r\n										<br />\r\n										<input type="tel" maxlength="5" name="zipcode"  onClick="this.value=''''" style="width: 98px; height: 24px" size="5" value="Zip Code"/>\r\n										<br />\r\n										<br />\r\n										</form>\r\n										<a href="http://acltv.com"> <button>Submit</button></a>\r\n\r\n</body>\r\n', '', '', '', '', '', '', 0, 'branch/background/budweiser.jpg', '', 0, '', '', '', '', '', '', '', '', ''),
(40, 150, 25, 2, 'Budweiser0', 'budweiser0', 'Budweiser', 'branch/logos/budweiser_5.png', '', '', '<head>\r\n<style type="text/css">\r\n.style1 {\r\n	text-align: center;\r\n}\r\n</style>\r\n</head>\r\n\r\n<div class="style1" style="width: 509px; height: 398px">\r\n<body>\r\n\r\n<p class="style1">\r\n<span style="font-size:12.0pt;font-family:&quot;Times New Roman&quot;,&quot;serif&quot;;\r\nmso-fareast-font-family:Calibri;mso-fareast-theme-font:minor-latin;mso-ansi-language:\r\nEN-US;mso-fareast-language:EN-US;mso-bidi-language:AR-SA">ID Please<br />You must be \r\nof legal drinking age to enter this site. Please present your ID by entering \r\nyour date of birth below.</span></p>\r\n<p class="style1">\r\n<span style="font-size:12.0pt;font-family:&quot;Times New Roman&quot;,&quot;serif&quot;;\r\nmso-fareast-font-family:Calibri;mso-fareast-theme-font:minor-latin;mso-ansi-language:\r\nEN-US;mso-fareast-language:EN-US;mso-bidi-language:AR-SA">&nbsp;&nbsp; </span>&nbsp;<select name="month" onChange="changeDate(this.options[selectedIndex].value);" style="width: 90px">\r\n<option value="na">Month</option>\r\n<option value="1">January</option>\r\n<option value="2">February</option>\r\n<option value="3">March</option>\r\n<option value="4">April</option>\r\n<option value="5">May</option>\r\n<option value="6">June</option>\r\n<option value="7">July</option>\r\n<option value="8">August</option>\r\n<option value="9">September</option>\r\n<option value="10">October</option>\r\n<option value="11">November</option>\r\n<option value="12">December</option>\r\n</select>\r\n<select name="day" id="day" style="width: 68px">\r\n<option value="na">Day</option>\r\n</select>\r\n<select name="year" id="year" style="width: 70px">\r\n<option value="na">Year</option>\r\n</select>\r\n<script language="JavaScript" type="text/javascript">\r\nfunction changeDate(i){\r\nvar e = document.getElementById(''day'');\r\nwhile(e.length>0)\r\ne.remove(e.length-1);\r\nvar j=-1;\r\nif(i=="na")\r\nk=0;\r\nelse if(i==2)\r\nk=28;\r\nelse if(i==4||i==6||i==9||i==11)\r\nk=30;\r\nelse\r\nk=31;\r\nwhile(j++<k){\r\nvar s=document.createElement(''option'');\r\nvar e=document.getElementById(''day'');\r\nif(j==0){\r\ns.text="Day";\r\ns.value="na";\r\ntry{\r\ne.add(s,null);}\r\ncatch(ex){\r\ne.add(s);}}\r\nelse{\r\ns.text=j;\r\ns.value=j;\r\ntry{\r\ne.add(s,null);}\r\ncatch(ex){\r\ne.add(s);}}}}\r\ny = 2010;\r\nwhile (y-->1909){\r\nvar s = document.createElement(''option'');\r\nvar e = document.getElementById(''year'');\r\ns.text=y;\r\ns.value=y;\r\ntry{\r\ne.add(s,null);}\r\ncatch(ex){\r\ne.add(s);}}\r\n</script>&nbsp; <a href="http://nfc.701010.com/budweiser/79901/budweiser2/"> <button>Submit</button> </a><br /><span class="style2">The year, month, or day was not a number. <br /> [Month/Day/Year]\r\n</span>\r\n</p>\r\n<p class="style1">\r\n<span style="font-size:12.0pt;font-family:&quot;Times New Roman&quot;,&quot;serif&quot;;\r\nmso-fareast-font-family:Calibri;mso-fareast-theme-font:minor-latin;mso-ansi-language:\r\nEN-US;mso-fareast-language:EN-US;mso-bidi-language:AR-SA">From Budweiser, the \r\nGreat American Lager, to the Budweiser Clydesdales, through to our ads and \r\ntelevision commercials, making friends has always been our first order of \r\nbusiness, and our first priority. In fact, those people who brew, deliver and \r\nserve Budweiser are your friends and neighbors. That’s why we’ll continue to \r\nbrew Budweiser and all our great beers with the commitment to quality you’ve \r\ncome to expect, ‘cause after all, friends are worth it. And like the great taste \r\nof an ice-cold Budweiser, that won’t change</span></p>\r\n<p class="style1">\r\n&nbsp;</p>\r\n\r\n</body>\r\n</div>', '', '', '', '', '', '', 0, 'branch/background/budweiser_3.jpg', '', 0, '', '', '', '', '', '', '', '', ''),
(41, 1321, 26, 2, 'Heineken', 'heineken', 'Heineken', 'branch/logos/ha.png', '', '', '<head>\r\n<style type="text/css">\r\n.style1 {\r\n	text-align: center;\r\n}\r\n</style>\r\n</head>\r\n\r\n<div class="style1" style="width: 509px; height: 398px">\r\n<body>\r\n\r\n<p class="style1">\r\n<img src="http://www.heinekenusa.com/content/images/home-logo_2012.jpg" height="55" width="509"></p>\r\n<p class="style1">\r\n<span style="color: rgb(0, 0, 0); font-family: arial; font-size: 10px; font-style: normal; font-variant: normal; font-weight: bold; letter-spacing: normal; line-height: normal; orphans: 2; text-align: start; text-indent: 0px; text-transform: none; white-space: normal; widows: 2; word-spacing: 0px; -webkit-text-size-adjust: auto; -webkit-text-stroke-width: 0px; background-color: rgb(255, 255, 255); display: inline !important; float: none;">\r\nHeineken&nbsp;USA is conscious of marketing and promoting its activities in a \r\nresponsible manner. In that context all users of the Heineken&nbsp;USA&nbsp;website must \r\nbe of legal drinking age.</span><span style="font-size:12.0pt;font-family:&quot;Times New Roman&quot;,&quot;serif&quot;;\r\nmso-fareast-font-family:Calibri;mso-fareast-theme-font:minor-latin;mso-ansi-language:\r\nEN-US;mso-fareast-language:EN-US;mso-bidi-language:AR-SA">.</span></p>\r\n<p class="style1">\r\n<span style="font-size:12.0pt;font-family:&quot;Times New Roman&quot;,&quot;serif&quot;;\r\nmso-fareast-font-family:Calibri;mso-fareast-theme-font:minor-latin;mso-ansi-language:\r\nEN-US;mso-fareast-language:EN-US;mso-bidi-language:AR-SA">&nbsp;&nbsp; </span>&nbsp;<select name="month" onChange="changeDate(this.options[selectedIndex].value);" style="width: 90px">\r\n<option value="na">Month</option>\r\n<option value="1">January</option>\r\n<option value="2">February</option>\r\n<option value="3">March</option>\r\n<option value="4">April</option>\r\n<option value="5">May</option>\r\n<option value="6">June</option>\r\n<option value="7">July</option>\r\n<option value="8">August</option>\r\n<option value="9">September</option>\r\n<option value="10">October</option>\r\n<option value="11">November</option>\r\n<option value="12">December</option>\r\n</select>\r\n<select name="day" id="day" style="width: 68px">\r\n<option value="na">Day</option>\r\n</select>\r\n<select name="year" id="year" style="width: 70px">\r\n<option value="na">Year</option>\r\n</select>\r\n<script language="JavaScript" type="text/javascript">\r\nfunction changeDate(i){\r\nvar e = document.getElementById(''day'');\r\nwhile(e.length>0)\r\ne.remove(e.length-1);\r\nvar j=-1;\r\nif(i=="na")\r\nk=0;\r\nelse if(i==2)\r\nk=28;\r\nelse if(i==4||i==6||i==9||i==11)\r\nk=30;\r\nelse\r\nk=31;\r\nwhile(j++<k){\r\nvar s=document.createElement(''option'');\r\nvar e=document.getElementById(''day'');\r\nif(j==0){\r\ns.text="Day";\r\ns.value="na";\r\ntry{\r\ne.add(s,null);}\r\ncatch(ex){\r\ne.add(s);}}\r\nelse{\r\ns.text=j;\r\ns.value=j;\r\ntry{\r\ne.add(s,null);}\r\ncatch(ex){\r\ne.add(s);}}}}\r\ny = 2010;\r\nwhile (y-->1909){\r\nvar s = document.createElement(''option'');\r\nvar e = document.getElementById(''year'');\r\ns.text=y;\r\ns.value=y;\r\ntry{\r\ne.add(s,null);}\r\ncatch(ex){\r\ne.add(s);}}\r\n</script>&nbsp; <a href="http://nfc.701010.com/heineken/79901/heineken1/"> <button>Submit</button> </a><br /><span class="style2">The year, month, or day was not a number. <br /> [Month/Day/Year]\r\n</span>\r\n</p>\r\n<p class="style1">\r\n&nbsp;</p>\r\n\r\n</body>\r\n</div>', '', '', '', '', '', '', 0, 'branch/background/Untitled-2.png', '', 0, '', '', '', '', '', '', '', '', ''),
(42, 1520, 27, 8, 'mcdonalds', 'mcdonalds', 'McDonalds', 'branch/logos/mcdonalds_logo_copy.jpg', '<iframe width="560" height="315" src="http://www.youtube.com/embed/PDgCbK7qD2Q" frameborder="0" allowfullscreen></iframe>', 'branch/cupon/Chicken_McNuggets__McDonalds.png', '<body>\r\nJoin the club. The club who loves the flavorful pork and tangy barbeque sauce of our favorite sandwich. We''re a discriminating group who don''t mind getting sticky.\r\n<br />\r\n<br />\r\n<a href="http://www.mcdonalds.com/us/en/food/product_nutrition.sandwiches.292.mcrib-.html">http://www.mcdonalds.com/us/en/food/product_nutrition.sandwiches.292.mcrib-.html\r\n</a>\r\n</body>\r\n', '', '', '', '', '', '', 0, '', '', 0, '', '', '', '', '', '', '', '', ''),
(43, 115, 26, 2, 'Heineken1', 'heineken1', 'Heineken', 'branch/logos/ha_1.png', '<iframe width="560" height="315" src="http://www.youtube.com/embed/MZtDqpdvy7s" frameborder="0" allowfullscreen></iframe>', '', '<head>\r\n<style type="text/css">\r\n p.MsoNormal\r\n	{margin-bottom:.0001pt;\r\n	font-size:12.0pt;\r\n	font-family:"Times New Roman","serif";\r\n		margin-left: 0in;\r\n	margin-right: 0in;\r\n	margin-top: 0in;\r\n}\r\n</style>\r\n</head>\r\n\r\n<body>\r\n\r\n<p class="MsoNormal">\r\n<img src="http://www.deviantart.com/download/63093705/tiesto_heineken_by_danyzazed.jpg" height="158" width="654"></p>\r\n<p class="MsoNormal">&nbsp;</p>\r\n<p class="MsoNormal">REGISTER TO WIN A TICKET FOR TIESTO CONCERT!!<o:p></o:p></p>\r\n										<form>\r\n										Your Mobile Number :\r\n										<br />\r\n										<input type="tel" maxlength="10" name="number"  onClick="this.value=''''" style="width: 98px; height: 24px" size="10" value="Mobile Number"/>\r\n										<br />\r\n										Your Zip Code&nbsp; : 										\r\n										<br />\r\n										<input type="tel" maxlength="5" name="zipcode"  onClick="this.value=''''" style="width: 98px; height: 24px" size="5" value="Zip Code"/>\r\n										<br />\r\n										<br />\r\n										</form>\r\n										<a href="http://acltv.com"> <button>Submit</button></a>\r\n\r\n</body>\r\n', '', '', '', '', '', '', 0, 'branch/background/Untitled-2_1.png', '', 0, '', '', '', '', '', '', '', '', ''),
(44, 450152, 28, 8, 'Angeles', 'angeles', 'HOSPITAL ANGELES', 'branch/logos/hospital_angeles.png', '', '', '<style type="text/css">\r\n.style1 {\r\n	text-align: center;\r\n	font-size: large;\r\n}\r\n.style2 {\r\n	border-width: 0px;\r\n}\r\n.style3 {\r\n	font-size: medium;\r\n}\r\n.style4 {\r\n	text-align: center;\r\n}\r\n</style>\r\n\r\n<div style="width: 560px; height: 740px">\r\n<img src="http://www.quimicahj.com/images/logo.png"><br>\r\n<img src="http://www.quimicahj.com/tophospitales/ciudadjuarez1.jpg"><br>\r\n<br>\r\n	<p class="MsoNormal"><b>VISIÓN&nbsp;</b><o:p></o:p></p>\r\n	&quot;Ser el sistema de salud privado mejor integrado y con cobertura nacional, reconocido por la alta preparación y capacidad profesional de su equipo humano, la tecnología de su plataforma de servicios clínicos, el mejor servicio y la atención más cálida&quot;<br>\r\n	<br>\r\n	<br><div>\r\n		<img src="http://701010.com/images/nfc/bar.png" height="5" width="561"></div><br>\r\n	<p class="style1"><strong>¡PROGRAMA TU CONSULTA MEDICA!</strong><br />\r\n	<strong><span class="style3">Por favor llene la siguiente información</span></strong>\r\n	</p>\r\n										<form>\r\n										Ingrese su número de teléfono celular:\r\n										<br />\r\n										<input type="tel" maxlength="10" name="number"  onClick="this.value=''''" style="width: 111px; height: 24px" size="10" value="Teléfono celuar"/>\r\n										<br />\r\n										Ingrese su Código postal: 										\r\n										<br />\r\n										<input type="tel" maxlength="5" name="zipcode"  onClick="this.value=''''" style="width: 98px; height: 24px" size="5" value="Código postal"/>\r\n										<br>\r\n										Selecciona el Departamento Hospitalario\r\n										<br>\r\n										<select name="especialidad" size="1" style="width: 214px">\r\n                                        <option value="@x@" selected="selected">Seleccionar</option>\r\n                                                                                <option value="SS20087550">\r\n                                          Alergología Pediátrica                                        </option>\r\n                                                                                <option value="SS1050">\r\n                                          Anestesiología\r\n                                        </option>\r\n                                                                                <option value="SS1100">\r\n                                          Angiología y Cirugía Vascular\r\n                                        </option>\r\n                                                                                <option value="SS1200">\r\n                                          Audiología y Foniatría\r\n                                        </option>\r\n                                                                                <option value="SS7500">\r\n                                          Biología de Reproducción N. M.\r\n                                        </option>\r\n                                                                                <option value="SS1350">\r\n                                          Cardiología\r\n                                        </option>\r\n                                                                                <option value="SS1750">\r\n                                          Cirugía General\r\n                                        </option>\r\n                                                                                <option value="SS7550">\r\n                                          Cirugía Maxilofacial N. M.\r\n                                        </option>\r\n                                                                                <option value="SS1800">\r\n                                          Cirugía Neurológica\r\n                                        </option>\r\n                                                                                <option value="SS1900">\r\n                                          Cirugía Oncológica\r\n                                        </option>\r\n                                                                                <option value="SS2000">\r\n                                          Cirugia Pediátrica\r\n                                        </option>\r\n                                                                                <option value="SS2050">\r\n                                          Cirugia Plástica\r\n                                        </option>\r\n                                                                                <option value="SS2100">\r\n                                          Coloproctología\r\n                                        </option>\r\n                                                                                <option value="SS2600">\r\n                                          Gastroenterología\r\n                                        </option>\r\n                                                                                <option value="SS2800">\r\n                                          Ginecología y Obstetricia\r\n                                        </option>\r\n                                                                                <option value="SS3200">\r\n                                          Medicina del Trabajo\r\n                                        </option>\r\n                                                                                <option value="SS3250">\r\n                                          Medicina Familiar\r\n                                        </option>\r\n                                                                                <option value="SS20090327">\r\n                                          Medicina General                                        </option>\r\n                                                                                <option value="SS3400">\r\n                                          Medicina Interna\r\n                                        </option>\r\n                                                                                <option value="SS7700">\r\n                                          Nutriología N. M.\r\n                                        </option>\r\n                                                                                <option value="SS7800">\r\n                                          Odontología Pediátrica N. M.\r\n                                        </option>\r\n                                                                                <option value="SS4000">\r\n                                          Oftalmologia\r\n                                        </option>\r\n                                                                                <option value="SS4100">\r\n                                          Oncología Médica\r\n                                        </option>\r\n                                                                                <option value="SS4150">\r\n                                          Oncología Médica Pediátrica\r\n                                        </option>\r\n                                                                                <option value="SS7850">\r\n                                          Ortodoncia N. M.\r\n                                        </option>\r\n                                                                                <option value="SS4200">\r\n                                          Ortopedia y Traumatología\r\n                                        </option>\r\n                                                                                <option value="SS4300">\r\n                                          Otorrinolaringología\r\n                                        </option>\r\n                                                                                <option value="SS4450">\r\n                                          Pediatría\r\n                                        </option>\r\n                                                                                <option value="SS7950">\r\n                                          Psicología N. M.\r\n                                        </option>\r\n                                                                                <option value="SS8000">\r\n                                          Rehabilitación Bucal N. M.\r\n                                        </option>\r\n                                                                                <option value="SS4850">\r\n                                          Reumatología\r\n                                        </option>\r\n                                                                                <option value="SS5000">\r\n                                          Urología\r\n                                        </option>\r\n                                                                              </select>\r\n\r\n										\r\n                                </form>\r\n										<a href="http://701010.com/images/nfc/hospital%20angeles%20img.jpg">\r\n										<img src="http://701010.com/images/nfc/enviar.png" class="style2" height="50" width="150\r\n									"></a><br>\r\n \r\n\r\n \r\n				\r\n<br />\r\n	<br><div class="style4">\r\n		<a href="https://maps.google.com/maps?q=Hospital+%C3%81ngeles,+Ciudad+Juarez,+Mexico&amp;hl=en&amp;ie=UTF8&amp;ll=31.714989,-106.392674&amp;spn=0.025628,0.045447&amp;sll=31.811133,-106.424517&amp;sspn=0.86241,1.454315&amp;oq=hospital+ange&amp;t=h&amp;doflg=ptk&amp;hq=Hospital+%C3%81ngeles,+Ciudad+Juarez,+Mexico&amp;z=15&amp;iwloc=A">Av. Campos Eliseos # 9371 esq. con Víctor Hugobr <br /> \r\nFracc. Campos Eliseos<br />\r\nC.P. 32420</a><br><br /></div>\r\n', '', '', '', '', '', '', 0, '', '', 0, '', '', '', '', '', '', '', '', ''),
(45, 32132, 6, 8, 'test', 'test', 'test2', 'branch/logos/701010.png', '', 'branch/cupon/701010.png', 'test', '1561651', 'http://fb.com/', 'http://db.com/', '', '', 'http://fb.com/', 0, 'branch/background/us-time-zone_map_1.jpg', 'rw4', 1, '1912 Acosta RD ', '', 'Anthony', 'NM ', '88021', 'test ', '', '41651', '515'),
(46, 320, 5, 2, 'sky mall', 'sky-mall', '  ', 'branch/logos/liverpool_d_20100629_112644_1.JPG', '<iframe width="560" height="315" src="http://www.youtube.com/embed/aXl72oVXcXY" frameborder="0" allowfullscreen></iframe>\r\n', 'branch/cupon/070213jue.jpg', '<head>\r\n<meta content="en-us" http-equiv="Content-Language">\r\n<style type="text/css">\r\n.style1 {\r\n	font-size: xx-large;\r\n	text-align: center;\r\n	color: #FF00FF;\r\n}\r\n.style2 {\r\n	text-align: center;\r\n}\r\n.style3 {\r\n	border-width: 0px;\r\n}\r\n</style>\r\n</head>\r\n<P></P>\r\n<p class="style1"><strong>LIVERPOOL</strong></p>\r\n<p class="style2">\r\n<a href="http://www.liverpool.com.mx/shopping/store/shop.jsp?catId=cat480025">\r\n<img class="style3" height="267" src="http://www.liverpool.com.mx/web/images/targeted_promotions/es/bc_070213com.jpg" width="740"></a></p>\r\n', '', '', '', '', '', '', 0, 'branch/background/back_1.png', '', 0, '', '', '', '', '', '', 'branch/cupon/info/cupon_1.png', '', '');

-- --------------------------------------------------------

--
-- Table structure for table `customers_customer`
--

CREATE TABLE IF NOT EXISTS `customers_customer` (
  `id` int(11) NOT NULL AUTO_INCREMENT,
  `name` varchar(255) NOT NULL,
  `slug` varchar(255) DEFAULT NULL,
  `active` tinyint(1) NOT NULL,
  PRIMARY KEY (`id`),
  UNIQUE KEY `name` (`name`),
  UNIQUE KEY `slug` (`slug`)
) ENGINE=InnoDB  DEFAULT CHARSET=utf8 AUTO_INCREMENT=29 ;

--
-- Dumping data for table `customers_customer`
--

INSERT INTO `customers_customer` (`id`, `name`, `slug`, `active`) VALUES
(1, 'Startbucks Coffe', 'startbucks-coffe', 1),
(2, 'hallmark', 'hallmark', 1),
(3, 'RAM', 'ram', 1),
(5, 'Sky Mall', 'sky-mall', 1),
(6, 'Barronfam.net', 'barronfamnet', 1),
(7, '701010', '701010', 1),
(8, 'Mark Gibson ', 'mark-gibson', 1),
(9, 'Walgreens', 'walgreens', 1),
(10, 'Oreo', 'oreo', 1),
(11, 'gevalia', 'gevalia', 1),
(12, 'Starbucks', 'starbucks', 1),
(13, 'Burger king ', 'burger-king', 1),
(14, 'ford ', 'ford', 1),
(15, 'HGTV', 'hgtv', 1),
(16, 'Goya', 'goya', 1),
(17, 'SKF', 'skf', 1),
(18, 'dunkin donuts', 'dunkin-donuts', 1),
(19, 'Marriot', 'marriot', 1),
(20, 'Marriott', 'marriott', 1),
(21, 'tago', 'tago', 1),
(22, 'History ', 'history', 1),
(23, 'choice', 'choice', 1),
(24, 'TOYOTA', 'toyota', 1),
(25, 'Budweiser', 'budweiser', 1),
(26, 'Heineken', 'heineken', 1),
(27, 'mcdonalds', 'mcdonalds', 1),
(28, 'Hosptiales Angeles', 'hosptiales-angeles', 1);

-- --------------------------------------------------------

--
-- Table structure for table `customers_phone_info`
--

CREATE TABLE IF NOT EXISTS `customers_phone_info` (
  `id` int(11) NOT NULL AUTO_INCREMENT,
  `branch_id` int(11) NOT NULL,
  `zipcode` int(11) NOT NULL,
  `area` int(11) NOT NULL,
  `mobile` int(11) NOT NULL,
  PRIMARY KEY (`id`),
  KEY `customers_phone_info_d56253ba` (`branch_id`)
) ENGINE=InnoDB  DEFAULT CHARSET=utf8 AUTO_INCREMENT=132 ;

--
-- Dumping data for table `customers_phone_info`
--

INSERT INTO `customers_phone_info` (`id`, `branch_id`, `zipcode`, `area`, `mobile`) VALUES
(1, 1, 56458, 231, 3213454),
(2, 1, 54545, 564, 5645646),
(3, 2, 79901, 915, 3555555),
(4, 2, 79915, 951, 2545464),
(5, 2, 91166, 645, 6569655),
(6, 2, 74564, 512, 4522452),
(7, 2, 98666, 986, 5868688),
(8, 2, 79901, 915, 8924079),
(9, 4, 79922, 915, 8924079),
(10, 4, 79922, 915, 8924079),
(11, 9, 65774, 674, 5674674),
(12, 9, 79902, 915, 8924079),
(13, 9, 79912, 918, 8924079),
(14, 9, 79912, 915, 5551212),
(15, 9, 79912, 915, 5552121),
(16, 9, 32566, 255, 5854988),
(17, 9, 79922, 915, 8924079),
(18, 9, 49912, 915, 5563654),
(19, 9, 79912, 915, 5554313),
(20, 12, 97342, 978, 5328978),
(21, 12, 79912, 915, 9228540),
(22, 12, 97342, 978, 5328978),
(23, 12, 79912, 915, 8924079),
(24, 12, 79912, 915, 7274854),
(25, 12, 79123, 915, 7274854),
(26, 12, 79912, 915, 7274854),
(27, 12, 79912, 915, 7274854),
(28, 12, 79912, 915, 7274854),
(29, 12, 79912, 915, 7274854),
(30, 4, 79922, 915, 8924079),
(31, 12, 79928, 915, 8730339),
(32, 12, 72228, 915, 7400163),
(33, 12, 79928, 915, 8730339),
(34, 12, 79928, 915, 8730339),
(35, 13, 54651, 546, 6516516),
(36, 13, 79912, 915, 5551212),
(37, 4, 79912, 915, 8924079),
(38, 12, 79907, 915, 4221011),
(39, 16, 88021, 915, 3553476),
(40, 16, 88021, 915, 3553476),
(41, 16, 88021, 915, 3553476),
(42, 9, 79912, 915, 8924079),
(43, 4, 79912, 915, 8924079),
(44, 24, 88021, 915, 3553476),
(45, 9, 79912, 915, 8924079),
(46, 17, 88212, 546, 5465461),
(47, 12, 79907, 915, 4221011),
(48, 24, 91551, 451, 1651451),
(49, 25, 46565, 516, 6516515),
(50, 25, 99234, 585, 5653286),
(51, 25, 79912, 915, 8924079),
(52, 24, 79912, 915, 8924079),
(53, 13, 79912, 915, 8924079),
(54, 26, 63001, 512, 6365525),
(55, 24, 966, 915, 8924079),
(56, 9, 79912, 915, 8924079),
(57, 27, 64566, 645, 6456556),
(58, 27, 65446, 896, 7967786),
(59, 9, 55555, 366, 3333333),
(60, 4, 55555, 555, 8855555),
(61, 9, 79922, 915, 6137174),
(62, 27, 44444, 444, 4444455),
(63, 27, 79922, 915, 8501632),
(64, 27, 44444, 444, 4444455),
(65, 27, 79922, 915, 8501632),
(66, 27, 79922, 915, 8501632),
(67, 27, 79922, 915, 8501632),
(68, 27, 79999, 555, 6666666),
(69, 27, 93333, 555, 6434343),
(70, 27, 56864, 556, 5867648),
(71, 27, 86467, 555, 6576764),
(72, 27, 22222, 333, 3445567),
(73, 12, 79912, 915, 7406334),
(74, 9, 79922, 915, 6137174),
(75, 9, 55885, 555, 8566665),
(76, 27, 33178, 322, 5258096),
(77, 27, 44444, 444, 4455555),
(78, 27, 77777, 455, 5555555),
(79, 27, 88888, 888, 8885555),
(80, 27, 55555, 555, 5555555),
(81, 27, 55555, 555, 5555555),
(82, 33, 46161, 651, 6516553),
(83, 25, 56515, 453, 3135645),
(84, 12, 45646, 456, 4564564),
(85, 9, 45555, 555, 8888888),
(86, 27, 44445, 555, 5566667),
(87, 33, 79912, 915, 5632263),
(88, 33, 79912, 915, 5653322),
(89, 33, 79912, 915, 5632263),
(90, 9, 22585, 556, 6568666),
(91, 27, 44555, 555, 5555996),
(92, 33, 79912, 915, 4463253),
(93, 33, 79912, 915, 4463253),
(94, 33, 79912, 915, 4432562),
(95, 33, 79912, 915, 9155525),
(96, 27, 44444, 856, 6666988),
(97, 12, 45667, 667, 7788999),
(98, 33, 88021, 651, 4514514),
(99, 33, 79912, 915, 6365525),
(100, 33, 79912, 915, 6365525),
(101, 42, 79912, 915, 9228548),
(102, 42, 57555, 586, 5767545),
(103, 12, 55555, 522, 2222223),
(104, 42, 79922, 915, 8924079),
(105, 42, 33336, 255, 5559999),
(106, 42, 79922, 915, 8924079),
(107, 42, 16515, 651, 1651651),
(108, 42, 45451, 651, 6516515),
(109, 29, 94516, 651, 6516516),
(110, 29, 10001, 212, 7408852),
(111, 29, 10001, 212, 5882556),
(112, 29, 10001, 212, 7814162),
(113, 42, 79922, 915, 8924079),
(114, 9, 55555, 366, 3333333),
(115, 23, 23232, 232, 2323232),
(116, 33, 34343, 232, 2323232),
(117, 10, 79936, 915, 9228548),
(118, 17, 79912, 915, 7600893),
(119, 17, 79911, 915, 6453333),
(120, 21, 79911, 915, 7600896),
(121, 12, 79912, 915, 8924079),
(122, 9, 55555, 855, 5555555),
(123, 9, 55555, 888, 9988856),
(124, 46, 98416, 516, 5165165),
(125, 46, 32460, 656, 6132796),
(126, 46, 32460, 656, 6132796),
(127, 46, 34427, 656, 1234567),
(128, 9, 55555, 888, 9988856),
(129, 9, 55555, 855, 5555555),
(130, 46, 46516, 651, 1651645),
(131, 12, 66657, 866, 7678787);

-- --------------------------------------------------------

--
-- Table structure for table `customers_photogallery`
--

CREATE TABLE IF NOT EXISTS `customers_photogallery` (
  `id` int(11) NOT NULL AUTO_INCREMENT,
  `Branch_id` int(11) NOT NULL,
  `Image_Title` varchar(255) DEFAULT NULL,
  `Image` varchar(100) NOT NULL,
  PRIMARY KEY (`id`),
  KEY `customers_photogallery_d919f51a` (`Branch_id`)
) ENGINE=InnoDB  DEFAULT CHARSET=utf8 AUTO_INCREMENT=91 ;

--
-- Dumping data for table `customers_photogallery`
--

INSERT INTO `customers_photogallery` (`id`, `Branch_id`, `Image_Title`, `Image`) VALUES
(1, 1, '', 'branch/galery/images_14.jpg'),
(2, 1, '', 'branch/galery/images_13.jpg'),
(3, 1, '', 'branch/galery/images_10.jpg'),
(4, 1, '', 'branch/galery/images_11.jpg'),
(5, 1, '', 'branch/galery/images_9.jpg'),
(6, 1, '', 'branch/galery/images_6.jpg'),
(11, 2, '', 'branch/galery/580790_428619710530683_848138106_n.jpg'),
(12, 2, '', 'branch/galery/4076193_f520.jpg'),
(13, 2, '', 'branch/galery/Thanksgiving1.jpg'),
(14, 2, '', 'branch/galery/fall_2_1.jpg'),
(15, 2, '', 'branch/galery/Hallmark_logo.jpg'),
(22, 4, '', 'branch/galery/2013-Dodge-Ram-1500-Front-View-Ad-Still2-623x373_1.jpg'),
(23, 4, '', 'branch/galery/2013-ram-1500_1.jpg'),
(24, 4, '', 'branch/galery/2013-ram-1500-34_800x0w_1.jpg'),
(25, 4, '', 'branch/galery/2013-ram-1500-46_800x0w_1.jpg'),
(26, 4, '', 'branch/galery/2013-Ram-1500-front-view-off-roading_1.jpg'),
(27, 4, '', 'branch/galery/ramtrucks_googleplus_profilebanner_v1_1.jpg'),
(34, 9, '', 'branch/galery/Balance-Rewards-Cards.jpg'),
(35, 9, '', 'branch/galery/comm_walgreens_big.jpg'),
(36, 9, '', 'branch/galery/mzl.xvxarfpd.320x480-75.jpg'),
(37, 9, '', 'branch/galery/Walgreens-Photo-Logo.png'),
(38, 16, '', 'branch/galery/01.jpg'),
(39, 16, '', 'branch/galery/02.jpg'),
(40, 16, '', 'branch/galery/03.jpg'),
(41, 16, '', 'branch/galery/04.jpg'),
(42, 17, '', 'branch/galery/01_1.jpg'),
(43, 17, '', 'branch/galery/02_1.jpg'),
(44, 17, '', 'branch/galery/03_1.jpg'),
(45, 17, '', 'branch/galery/04_1.jpg'),
(46, 18, '', 'branch/galery/01_2.jpg'),
(47, 18, '', 'branch/galery/02_2.jpg'),
(48, 18, '', 'branch/galery/03_2.jpg'),
(49, 18, '', 'branch/galery/04_2.jpg'),
(50, 19, '', 'branch/galery/01_3.jpg'),
(51, 19, '', 'branch/galery/02_3.jpg'),
(52, 19, '', 'branch/galery/03_3.jpg'),
(53, 19, '', 'branch/galery/04_3.jpg'),
(54, 20, '', 'branch/galery/01_4.jpg'),
(55, 20, '', 'branch/galery/02_4.jpg'),
(56, 20, '', 'branch/galery/03_4.jpg'),
(57, 20, '', 'branch/galery/04_4.jpg'),
(58, 21, '', 'branch/galery/01_5.jpg'),
(59, 21, '', 'branch/galery/02_5.jpg'),
(60, 21, '', 'branch/galery/03_5.jpg'),
(61, 21, '', 'branch/galery/04_5.jpg'),
(62, 22, '', 'branch/galery/01_6.jpg'),
(63, 22, '', 'branch/galery/02_6.jpg'),
(64, 22, '', 'branch/galery/03_6.jpg'),
(65, 22, '', 'branch/galery/04_6.jpg'),
(66, 23, '', 'branch/galery/01_7.jpg'),
(67, 23, '', 'branch/galery/02_7.jpg'),
(68, 23, '', 'branch/galery/03_7.jpg'),
(69, 23, '', 'branch/galery/04_7.jpg'),
(70, 25, '', 'branch/galery/Your_Local_Ford_Dealer_-_Google_Chrome_2012-11-14_15-54-00.png'),
(71, 27, '', 'branch/galery/coco_milk.jpg'),
(72, 27, '', 'branch/galery/malta.jpg'),
(73, 27, '', 'branch/galery/products-medAdobo.png'),
(74, 27, '', 'branch/galery/products-medManzanillaOlive.png'),
(75, 27, '', 'branch/galery/products-medSazon.png'),
(76, 27, '', 'branch/galery/products-medTomatoSouce.png'),
(77, 27, '', 'branch/galery/products-medVirginOil.png'),
(78, 30, '', 'branch/galery/cy_phototour01.jpg'),
(79, 30, '', 'branch/galery/cy_phototour02.jpg'),
(80, 30, '', 'branch/galery/cy_phototour03.jpg'),
(81, 30, '', 'branch/galery/cy_phototour06.jpg'),
(82, 30, '', 'branch/galery/cy_phototour07.jpg'),
(83, 30, '', 'branch/galery/cy_phototour08.jpg'),
(84, 10, '', 'branch/galery/701010_Sports_Black.jpg'),
(85, 46, '', 'branch/galery/63752231.jpg'),
(86, 46, '', 'branch/galery/71349837.jpg'),
(87, 46, '', 'branch/galery/1009098328.jpg'),
(88, 46, '', 'branch/galery/1013939850.jpg'),
(89, 46, '', 'branch/galery/1014417121.jpg'),
(90, 46, '', 'branch/galery/iphone.jpg');

-- --------------------------------------------------------

--
-- Table structure for table `customers_zipcode`
--

CREATE TABLE IF NOT EXISTS `customers_zipcode` (
  `id` int(11) NOT NULL AUTO_INCREMENT,
  `zipcode` int(10) unsigned NOT NULL,
  PRIMARY KEY (`id`),
  UNIQUE KEY `zipcode` (`zipcode`)
) ENGINE=InnoDB  DEFAULT CHARSET=utf8 AUTO_INCREMENT=11 ;

--
-- Dumping data for table `customers_zipcode`
--

INSERT INTO `customers_zipcode` (`id`, `zipcode`) VALUES
(1, 32587),
(3, 79885),
(2, 79901),
(5, 79912),
(7, 79925),
(8, 79936),
(6, 88021),
(4, 89128),
(9, 99999),
(10, 9186510);

-- --------------------------------------------------------

--
-- Table structure for table `django_admin_log`
--

CREATE TABLE IF NOT EXISTS `django_admin_log` (
  `id` int(11) NOT NULL AUTO_INCREMENT,
  `action_time` datetime NOT NULL,
  `user_id` int(11) NOT NULL,
  `content_type_id` int(11) DEFAULT NULL,
  `object_id` longtext,
  `object_repr` varchar(200) NOT NULL,
  `action_flag` smallint(5) unsigned NOT NULL,
  `change_message` longtext NOT NULL,
  PRIMARY KEY (`id`),
  KEY `django_admin_log_fbfc09f1` (`user_id`),
  KEY `django_admin_log_e4470c6e` (`content_type_id`)
) ENGINE=InnoDB  DEFAULT CHARSET=utf8 AUTO_INCREMENT=525 ;

--
-- Dumping data for table `django_admin_log`
--

INSERT INTO `django_admin_log` (`id`, `action_time`, `user_id`, `content_type_id`, `object_id`, `object_repr`, `action_flag`, `change_message`) VALUES
(1, '2012-10-27 00:06:17', 1, 9, '1', 'Startbucks Coffe', 1, ''),
(2, '2012-10-27 00:06:38', 1, 10, '1', '32587', 1, ''),
(3, '2012-10-27 00:10:03', 1, 11, '1', 'Test Title', 1, ''),
(4, '2012-10-27 00:11:11', 1, 11, '1', 'Test Title', 2, 'Changed Coupon.'),
(5, '2012-10-28 23:02:47', 1, 7, '1', '/about/ -- About US', 1, ''),
(6, '2012-10-28 23:03:08', 1, 7, '2', '/faq/ -- FAQ', 1, ''),
(7, '2012-10-28 23:06:17', 1, 7, '1', '/about/ -- About US', 2, 'No fields changed.'),
(8, '2012-10-29 17:11:19', 1, 3, '2', 'vbarron', 1, ''),
(9, '2012-10-29 17:11:50', 1, 3, '3', 'arturopayan', 1, ''),
(10, '2012-10-29 17:17:33', 1, 3, '4', 'rgarcia', 1, ''),
(11, '2012-10-29 17:42:04', 1, 3, '2', 'vbarron', 2, 'Changed password, first_name, last_name, email, is_staff and user_permissions.'),
(12, '2012-10-29 17:43:23', 1, 3, '4', 'rgarcia', 2, 'Changed password, first_name, last_name, email, is_staff and user_permissions.'),
(13, '2012-10-29 17:46:10', 1, 3, '2', 'vbarron', 2, 'Changed password and user_permissions.'),
(14, '2012-10-29 17:47:10', 1, 3, '1', 'shortcode7', 2, 'Changed password, first_name, last_name and email.'),
(15, '2012-10-29 17:50:03', 1, 3, '3', 'apayan', 2, 'Changed username, password, first_name, last_name, email and is_staff.'),
(16, '2012-10-29 17:55:15', 1, 3, '2', 'vbarron', 2, 'Changed password and user_permissions.'),
(17, '2012-10-29 17:56:28', 1, 3, '4', 'rgarcia', 2, 'Changed password and is_superuser.'),
(18, '2012-10-29 17:56:38', 1, 3, '2', 'vbarron', 2, 'Changed password and is_superuser.'),
(19, '2012-10-29 18:06:55', 2, 9, '2', 'hallmark', 1, ''),
(20, '2012-10-29 18:07:27', 2, 10, '2', '79901', 1, ''),
(21, '2012-10-29 18:14:24', 2, 11, '2', 'hallmark', 1, ''),
(22, '2012-10-29 18:16:24', 2, 11, '2', 'hallmark', 2, 'Changed Description.'),
(23, '2012-10-29 18:16:44', 2, 11, '2', 'hallmark', 2, 'Changed Description.'),
(24, '2012-10-29 18:17:14', 2, 11, '2', 'HALLMARK', 2, 'Changed Title.'),
(25, '2012-10-29 18:19:08', 2, 11, '2', 'HALLMARK', 2, 'Changed Description.'),
(26, '2012-10-29 18:21:06', 2, 11, '2', 'HALLMARK', 2, 'Changed background_img.'),
(27, '2012-10-29 18:24:55', 2, 11, '2', 'HALLMARK', 2, 'Changed Video.'),
(28, '2012-10-29 18:31:01', 2, 11, '2', 'HALLMARK', 2, 'Changed Video.'),
(29, '2012-10-29 18:34:51', 2, 11, '2', 'HALLMARK', 2, 'Changed Description.'),
(30, '2012-10-29 18:50:03', 2, 11, '2', 'HALLMARK', 2, 'Changed Logo and Description.'),
(31, '2012-10-29 18:51:59', 2, 11, '2', 'HALLMARK', 2, 'Changed Logo.'),
(32, '2012-10-29 19:01:19', 2, 11, '2', 'HALLMARK', 2, 'Changed gmail and twitter.'),
(33, '2012-10-29 19:03:38', 2, 11, '2', 'HALLMARK', 2, 'Changed background_img.'),
(34, '2012-10-29 19:04:18', 2, 11, '2', 'HALLMARK', 2, 'Changed background_img.'),
(35, '2012-10-29 19:04:40', 2, 11, '2', 'HALLMARK', 2, 'Changed Image for photo gallery "1".'),
(36, '2012-10-29 19:06:33', 2, 11, '2', 'HALLMARK', 2, 'Changed Coupon.'),
(37, '2012-10-29 19:07:40', 2, 11, '2', 'HALLMARK', 2, 'Changed Video.'),
(38, '2012-10-29 20:26:17', 2, 11, '2', 'HALLMARK', 2, 'Changed Video.'),
(39, '2012-10-29 20:32:12', 2, 11, '2', 'HALLMARK', 2, 'Changed Logo.'),
(40, '2012-10-29 20:56:02', 2, 11, '2', 'HALLMARK', 2, 'Deleted photo gallery "1". Deleted photo gallery "2". Deleted photo gallery "3". Deleted photo gallery "4".'),
(41, '2012-10-29 20:59:49', 2, 11, '2', 'HALLMARK', 2, 'Added photo gallery "". Added photo gallery "". Added photo gallery "". Added photo gallery "". Added photo gallery "".'),
(42, '2012-10-29 21:01:28', 2, 11, '2', 'HALLMARK', 2, 'Changed Description.'),
(43, '2012-10-29 21:34:10', 2, 11, '2', 'HALLMARK', 2, 'Changed Contact.'),
(44, '2012-10-29 21:35:08', 2, 11, '2', 'HALLMARK', 2, 'Changed Contact.'),
(45, '2012-10-29 21:35:48', 2, 11, '2', 'HALLMARK', 2, 'Changed featured.'),
(46, '2012-10-29 21:42:40', 2, 11, '2', 'HALLMARK', 2, 'Changed dir_1, cd, state, zip_code, latitude and longitude.'),
(47, '2012-10-30 22:32:17', 1, 11, '2', 'HALLMARK', 2, 'Changed Description.'),
(48, '2012-10-30 22:57:14', 2, 9, '3', 'RAM', 1, ''),
(49, '2012-10-30 22:57:47', 2, 9, '3', 'RAM', 2, 'No fields changed.'),
(50, '2012-10-30 22:58:46', 2, 10, '3', '79885', 1, ''),
(51, '2012-10-30 23:07:08', 2, 11, '3', 'RAM', 1, ''),
(52, '2012-10-31 14:51:18', 2, 11, '3', 'Dick Poe Dodge', 2, 'Changed Title, Logo, facebook, gmail and twitter.'),
(53, '2012-10-31 14:53:06', 2, 11, '3', 'Dick Poe Dodge', 2, 'Changed name.'),
(54, '2012-10-31 15:07:01', 2, 11, '3', 'Dick Poe Dodge', 2, 'Changed Logo.'),
(55, '2012-10-31 15:07:57', 2, 11, '3', 'Dick Poe Dodge', 2, 'Changed Logo.'),
(56, '2012-10-31 15:10:08', 2, 11, '3', 'Dick Poe Dodge', 2, 'Changed Logo.'),
(57, '2012-10-31 15:12:37', 2, 11, '3', 'Dick Poe Dodge', 2, 'Added photo gallery "". Added photo gallery "". Added photo gallery "". Added photo gallery "". Added photo gallery "". Added photo gallery "".'),
(58, '2012-10-31 15:13:13', 2, 11, '3', 'Dick Poe Dodge', 2, 'Changed Coupon.'),
(59, '2012-10-31 15:17:17', 2, 11, '3', 'Dick Poe Dodge', 2, 'Changed Description.'),
(60, '2012-10-31 15:18:22', 2, 11, '3', 'Dick Poe Dodge', 2, 'Changed Description.'),
(61, '2012-10-31 15:18:38', 2, 11, '3', 'Dick Poe Dodge', 2, 'No fields changed.'),
(62, '2012-10-31 15:19:37', 2, 11, '3', 'Dodge Ram Truck', 2, 'Changed Title.'),
(63, '2012-10-31 15:20:28', 2, 11, '3', 'Dodge Ram Trucks', 2, 'Changed Title.'),
(64, '2012-10-31 15:22:50', 2, 11, '3', 'Dodge Ram Trucks', 2, 'Changed background_img.'),
(65, '2012-10-31 15:26:36', 2, 11, '3', 'Dodge Ram Trucks', 2, 'Changed background_img.'),
(66, '2012-10-31 15:27:58', 2, 11, '3', 'Dodge Ram Trucks', 2, 'No fields changed.'),
(67, '2012-10-31 15:33:29', 2, 11, '3', 'Dodge Ram Trucks', 2, 'Changed featured.'),
(68, '2012-10-31 16:59:22', 2, 11, '3', 'Dodge Ram Trucks', 2, 'Changed Logo, Coupon and background_img.'),
(69, '2012-10-31 17:01:24', 2, 11, '3', 'Dodge Ram Trucks', 3, ''),
(70, '2012-11-01 14:46:30', 2, 11, '4', 'RAM TRUCKS ', 1, ''),
(71, '2012-11-01 14:49:05', 2, 11, '4', 'RAM TRUCKS ', 2, 'Changed facebook, gmail, twitter, featured and background_img.'),
(72, '2012-11-01 14:50:26', 2, 11, '4', 'RAM TRUCKS ', 2, 'Added photo gallery "". Added photo gallery "". Added photo gallery "". Added photo gallery "". Added photo gallery "". Added photo gallery "".'),
(73, '2012-11-01 14:56:55', 2, 11, '4', 'RAM TRUCKS ', 2, 'No fields changed.'),
(74, '2012-11-01 15:00:47', 2, 11, '4', 'RAM TRUCKS ', 2, 'Changed Description.'),
(75, '2012-11-01 15:01:41', 2, 11, '4', 'RAM TRUCKS ', 2, 'Changed Description.'),
(76, '2012-11-01 15:02:04', 2, 11, '4', 'RAM TRUCKS ', 2, 'No fields changed.'),
(77, '2012-11-01 15:02:36', 2, 11, '4', 'RAM TRUCKS ', 2, 'Changed Description.'),
(78, '2012-11-01 15:39:41', 2, 11, '4', 'RAM TRUCKS ', 2, 'Changed Description.'),
(79, '2012-11-01 17:34:37', 2, 9, '4', 'Sky Maill', 1, ''),
(80, '2012-11-01 17:35:44', 2, 9, '5', 'Sky Mall', 1, ''),
(81, '2012-11-01 17:38:01', 2, 11, '5', 'Sky Mall', 1, ''),
(82, '2012-11-01 17:39:09', 2, 11, '5', 'Sky Mall', 2, 'Changed background_img.'),
(83, '2012-11-01 17:41:24', 2, 9, '4', 'Sky Maill', 3, ''),
(84, '2012-11-01 17:41:51', 2, 9, '6', 'Barronfam.net', 1, ''),
(85, '2012-11-01 17:44:55', 2, 11, '6', 'barronfam.net', 1, ''),
(86, '2012-11-01 17:46:13', 2, 11, '6', 'barronfam.net', 2, 'Changed background_img.'),
(87, '2012-11-01 17:47:33', 2, 11, '6', 'barronfam.net', 2, 'Changed background_img.'),
(88, '2012-11-01 17:47:48', 2, 11, '6', 'barronfam.net', 2, 'Changed background_img.'),
(89, '2012-11-01 18:05:07', 2, 11, '4', 'RAM TRUCKS ', 2, 'Changed Video.'),
(90, '2012-11-01 18:21:50', 1, 9, '7', '701010', 1, ''),
(91, '2012-11-01 18:39:16', 1, 3, '4', 'rgarcia', 2, 'Changed password and user_permissions.'),
(92, '2012-11-01 18:39:19', 1, 3, '4', 'rgarcia', 2, 'Changed password.'),
(93, '2012-11-01 18:39:47', 1, 3, '5', 'newemage', 1, ''),
(94, '2012-11-01 18:40:20', 1, 3, '5', 'newemage', 2, 'Changed password and user_permissions.'),
(95, '2012-11-01 18:40:46', 1, 3, '5', 'newemage', 2, 'Changed password, is_staff and is_superuser.'),
(96, '2012-11-01 18:41:00', 1, 3, '4', 'rgarcia', 2, 'Changed password.'),
(97, '2012-11-01 18:41:47', 1, 3, '5', 'newemage', 2, 'Changed password, first_name, last_name and email.'),
(98, '2012-11-01 18:42:07', 1, 3, '3', 'apayan', 2, 'Changed password.'),
(99, '2012-11-01 18:42:22', 1, 3, '2', 'vbarron', 2, 'Changed password.'),
(100, '2012-11-01 19:06:08', 2, 11, '4', 'RAM TRUCKS ', 2, 'Changed Description.'),
(101, '2012-11-01 19:15:05', 2, 11, '6', 'barronfam.net', 3, ''),
(102, '2012-11-01 19:26:28', 2, 11, '4', 'RAM TRUCKS ', 2, 'Changed Description.'),
(103, '2012-11-01 19:27:34', 2, 11, '4', 'RAM TRUCKS ', 2, 'Changed Description.'),
(104, '2012-11-01 20:21:02', 2, 11, '4', 'RAM TRUCKS ', 2, 'Changed Description.'),
(105, '2012-11-01 20:24:41', 2, 11, '4', 'RAM TRUCKS ', 2, 'Changed Description.'),
(106, '2012-11-01 20:33:04', 2, 11, '4', 'RAM TRUCKS ', 2, 'Changed Description.'),
(107, '2012-11-01 20:47:02', 2, 11, '4', 'RAM TRUCKS ', 2, 'No fields changed.'),
(108, '2012-11-01 21:09:44', 2, 11, '4', 'RAM TRUCKS ', 2, 'Changed Video.'),
(109, '2012-11-01 21:13:00', 2, 11, '5', 'Sky Mall', 2, 'Changed Description.'),
(110, '2012-11-01 21:16:07', 2, 11, '5', 'Sky Mall', 2, 'Changed Video.'),
(111, '2012-11-01 21:20:29', 2, 11, '5', 'Sky Mall', 2, 'Changed Description.'),
(112, '2012-11-01 21:25:10', 2, 11, '5', 'Sky Mall', 2, 'Added photo gallery "". Added photo gallery "". Added photo gallery "". Added photo gallery "". Added photo gallery "". Added photo gallery "".'),
(113, '2012-11-01 21:46:37', 2, 11, '4', 'RAM TRUCKS ', 2, 'Changed Description.'),
(114, '2012-11-01 21:47:06', 2, 11, '4', 'RAM TRUCKS ', 2, 'Changed Description.'),
(115, '2012-11-01 21:50:18', 2, 11, '4', 'RAM TRUCKS ', 2, 'Changed Description.'),
(116, '2012-11-01 22:28:31', 2, 9, '8', 'Mark Gibson ', 1, ''),
(117, '2012-11-01 22:29:27', 2, 10, '4', '89128', 1, ''),
(118, '2012-11-01 22:29:56', 2, 11, '7', '01', 1, ''),
(119, '2012-11-01 22:33:20', 2, 11, '8', '02', 1, ''),
(120, '2012-11-02 14:37:04', 2, 9, '9', 'Walgreens', 1, ''),
(121, '2012-11-02 14:41:24', 2, 10, '5', '79912', 1, ''),
(122, '2012-11-02 14:42:07', 2, 11, '9', 'walgreens', 1, ''),
(123, '2012-11-02 14:50:40', 2, 11, '9', 'walgreens', 2, 'Changed featured.'),
(124, '2012-11-02 14:59:53', 2, 11, '9', 'walgreens', 2, 'Changed Logo.'),
(125, '2012-11-02 15:06:15', 2, 11, '9', 'walgreens', 2, 'Changed Logo.'),
(126, '2012-11-02 15:12:08', 2, 11, '9', 'walgreens', 2, 'Changed Logo.'),
(127, '2012-11-02 15:16:48', 2, 11, '9', 'walgreens', 2, 'Changed Logo.'),
(128, '2012-11-02 16:01:29', 2, 11, '9', 'walgreens', 2, 'Changed Logo.'),
(129, '2012-11-02 16:09:55', 2, 11, '9', 'walgreens', 2, 'Changed Video.'),
(130, '2012-11-02 16:10:37', 2, 11, '9', 'walgreens', 2, 'Changed Coupon.'),
(131, '2012-11-02 16:15:16', 2, 11, '9', 'walgreens', 2, 'Changed facebook, gmail and twitter.'),
(132, '2012-11-02 16:29:00', 2, 11, '9', 'walgreens', 2, 'Added photo gallery "". Added photo gallery "". Added photo gallery "". Added photo gallery "".'),
(133, '2012-11-02 16:39:32', 2, 11, '9', 'walgreens', 2, 'Changed background_img.'),
(134, '2012-11-02 16:45:12', 2, 11, '9', 'WALGREENS', 2, 'Changed Title.'),
(135, '2012-11-02 16:49:57', 2, 11, '9', 'WALGREENS', 2, 'Changed Description.'),
(136, '2012-11-02 16:50:38', 2, 11, '9', 'WALGREENS', 2, 'Changed Description.'),
(137, '2012-11-02 16:53:32', 2, 11, '9', 'WALGREENS', 2, 'Changed Description.'),
(138, '2012-11-02 16:55:34', 2, 11, '9', 'WALGREENS', 2, 'Changed Description.'),
(139, '2012-11-02 18:42:19', 2, 11, '9', 'WALGREENS', 2, 'Changed Description.'),
(140, '2012-11-02 18:44:45', 2, 11, '9', 'WALGREENS', 2, 'Changed Description.'),
(141, '2012-11-02 19:07:43', 2, 11, '9', 'WALGREENS', 2, 'Changed Description.'),
(142, '2012-11-02 19:09:52', 2, 11, '9', 'WALGREENS', 2, 'Changed Video.'),
(143, '2012-11-03 17:40:37', 1, 11, '9', 'WALGREENS', 2, 'Changed mail.'),
(144, '2012-11-05 16:05:09', 2, 11, '9', 'WALGREENS', 2, 'Changed Description.'),
(145, '2012-11-05 16:15:50', 2, 11, '9', 'WALGREENS', 2, 'No fields changed.'),
(146, '2012-11-05 16:27:40', 2, 10, '6', '88021', 1, ''),
(147, '2012-11-05 16:28:17', 2, 11, '10', 'barronfam.net', 1, ''),
(148, '2012-11-05 16:28:28', 2, 11, '10', 'barronfam.net', 2, 'Changed Description.'),
(149, '2012-11-05 16:30:15', 2, 11, '10', 'barronfam.net', 2, 'Changed Description.'),
(150, '2012-11-05 16:31:40', 2, 11, '10', 'barronfam.net', 2, 'Changed Description.'),
(151, '2012-11-05 16:34:58', 2, 11, '11', 'REWARDS', 1, ''),
(152, '2012-11-05 16:36:23', 2, 11, '11', 'REWARDS', 2, 'Changed Description.'),
(153, '2012-11-05 16:37:18', 2, 11, '11', 'REWARDS', 2, 'Changed Description.'),
(154, '2012-11-05 16:40:05', 2, 11, '11', 'REWARDS', 2, 'Changed background_img.'),
(155, '2012-11-05 16:41:54', 2, 11, '11', 'REWARDS', 2, 'Changed Description.'),
(156, '2012-11-05 16:46:33', 2, 11, '10', 'barronfam.net', 2, 'Changed Description.'),
(157, '2012-11-05 23:12:13', 5, 11, '9', 'WALGREENS', 2, 'Changed website.'),
(158, '2012-11-05 23:27:50', 5, 11, '9', 'WALGREENS', 2, 'Changed mail and website.'),
(159, '2012-11-05 23:27:51', 5, 11, '9', 'WALGREENS', 2, 'Changed mail and website.'),
(160, '2012-11-05 23:27:52', 5, 11, '9', 'WALGREENS', 2, 'Changed mail and website.'),
(161, '2012-11-05 23:27:53', 5, 11, '9', 'WALGREENS', 2, 'Changed mail and website.'),
(162, '2012-11-06 00:48:15', 5, 11, '11', 'REWARDS', 2, 'Changed website.'),
(163, '2012-11-06 00:50:42', 5, 11, '11', 'REWARDS', 2, 'Changed website.'),
(164, '2012-11-06 00:51:54', 5, 11, '9', 'WALGREENS', 2, 'Changed website.'),
(165, '2012-11-06 16:34:09', 2, 9, '10', 'Oreo', 1, ''),
(166, '2012-11-06 16:34:35', 2, 10, '7', '79925', 1, ''),
(167, '2012-11-06 16:39:58', 2, 11, '12', 'Milk''s Favorite Cookie', 1, ''),
(168, '2012-11-06 16:45:43', 2, 11, '12', 'Milk''s Favorite Cookie', 2, 'Changed Video.'),
(169, '2012-11-06 16:53:39', 2, 11, '12', 'Milk''s Favorite Cookie', 2, 'Changed Coupon.'),
(170, '2012-11-06 16:56:39', 2, 11, '12', 'Milk''s Favorite Cookie', 2, 'Changed Description.'),
(171, '2012-11-06 17:03:16', 2, 11, '12', 'Milk''s Favorite Cookie', 2, 'No fields changed.'),
(172, '2012-11-06 17:03:38', 2, 11, '12', 'Milk''s Favorite Cookie', 2, 'Changed Description.'),
(173, '2012-11-06 17:04:14', 2, 11, '12', ' ', 2, 'Changed Title.'),
(174, '2012-11-06 17:06:22', 2, 11, '12', ' ', 2, 'Changed facebook and twitter.'),
(175, '2012-11-06 17:18:57', 2, 11, '12', ' ', 2, 'Changed background_img.'),
(176, '2012-11-06 17:20:10', 2, 11, '12', ' ', 2, 'Changed featured.'),
(177, '2012-11-06 17:26:46', 2, 11, '12', ' ', 2, 'Changed Coupon and featured.'),
(178, '2012-11-06 17:27:33', 2, 11, '12', ' ', 2, 'Changed featured.'),
(179, '2012-11-06 17:29:27', 2, 11, '12', ' ', 2, 'Changed Logo.'),
(180, '2012-11-07 23:12:46', 2, 9, '11', 'gevalia', 1, ''),
(181, '2012-11-07 23:13:21', 2, 11, '13', 'gevalia', 1, ''),
(182, '2012-11-07 23:20:00', 2, 11, '13', 'gevalia', 2, 'Changed Logo.'),
(183, '2012-11-07 23:21:09', 2, 11, '13', 'gevalia', 2, 'Changed Video.'),
(184, '2012-11-07 23:28:15', 2, 11, '13', 'gevalia', 2, 'Changed Coupon.'),
(185, '2012-11-07 23:29:37', 2, 11, '13', 'Coffee ', 2, 'Changed Title.'),
(186, '2012-11-07 23:41:23', 2, 11, '13', 'Coffee ', 2, 'Changed background_img.'),
(187, '2012-11-07 23:56:02', 2, 11, '13', 'Coffee ', 2, 'Changed Description.'),
(188, '2012-11-13 00:09:07', 2, 9, '12', 'Starbucks', 1, ''),
(189, '2012-11-13 06:52:24', 2, 11, '14', 'mesa', 1, ''),
(190, '2012-11-13 06:53:05', 2, 11, '14', 'mesa', 2, 'Changed Video.'),
(191, '2012-11-13 15:31:59', 2, 11, '15', 'Starbucks ', 1, ''),
(192, '2012-11-13 15:36:42', 2, 11, '15', 'Starbucks ', 2, 'Changed Video.'),
(193, '2012-11-13 15:37:47', 2, 11, '15', 'Starbucks ', 2, 'Changed id_body, dir_1, cd, state and zip_code.'),
(194, '2012-11-13 15:42:03', 2, 11, '15', 'Starbucks ', 2, 'Changed Logo.'),
(195, '2012-11-13 15:43:58', 2, 11, '15', 'Starbucks ', 2, 'Changed Logo.'),
(196, '2012-11-13 15:45:50', 2, 11, '15', 'Starbucks ', 2, 'Changed facebook.'),
(197, '2012-11-13 15:47:34', 2, 11, '15', 'Starbucks ', 2, 'Changed website.'),
(198, '2012-11-13 15:48:53', 2, 11, '15', 'Starbucks ', 2, 'Changed website.'),
(199, '2012-11-13 15:51:12', 2, 11, '15', 'Starbucks ', 2, 'Changed Description.'),
(200, '2012-11-13 15:53:56', 2, 11, '15', 'Starbucks ', 2, 'Changed Description.'),
(201, '2012-11-13 15:56:34', 2, 11, '15', 'Starbucks ', 2, 'Changed Logo.'),
(202, '2012-11-13 15:58:25', 2, 11, '15', 'Starbucks ', 2, 'Changed Logo.'),
(203, '2012-11-13 16:00:27', 2, 11, '15', 'Starbucks ', 2, 'Changed Description.'),
(204, '2012-11-13 16:00:27', 2, 11, '15', 'Starbucks ', 2, 'Changed Description.'),
(205, '2012-11-13 16:01:16', 2, 11, '15', 'Starbucks ', 2, 'Changed Logo.'),
(206, '2012-11-13 16:03:13', 2, 11, '15', 'Starbucks ', 2, 'Changed Description.'),
(207, '2012-11-13 16:03:37', 2, 11, '15', 'Starbucks ', 2, 'Changed Logo.'),
(208, '2012-11-13 16:08:21', 2, 11, '15', 'Starbucks ', 2, 'No fields changed.'),
(209, '2012-11-13 16:09:57', 2, 11, '15', 'Starbucks ', 2, 'Changed Description.'),
(210, '2012-11-13 16:12:40', 2, 11, '15', 'Starbucks ', 2, 'Changed Description.'),
(211, '2012-11-13 16:12:52', 2, 11, '15', 'Starbucks ', 2, 'Changed Coupon.'),
(212, '2012-11-13 16:18:03', 2, 11, '16', 'Starbucks ', 1, ''),
(213, '2012-11-13 16:18:53', 2, 11, '15', 'Starbucks ', 3, ''),
(214, '2012-11-13 16:18:53', 2, 11, '14', 'mesa', 3, ''),
(215, '2012-11-13 16:24:51', 2, 11, '16', 'Starbucks ', 2, 'Added photo gallery "". Added photo gallery "". Added photo gallery "".'),
(216, '2012-11-13 16:27:42', 2, 11, '16', 'Starbucks ', 2, 'No fields changed.'),
(217, '2012-11-13 16:27:53', 2, 11, '16', 'Starbucks ', 2, 'Added photo gallery "".'),
(218, '2012-11-13 16:32:53', 2, 11, '16', 'Starbucks ', 2, 'Changed background_img.'),
(219, '2012-11-13 16:48:45', 2, 11, '17', 'Starbucks ', 1, ''),
(220, '2012-11-13 16:59:29', 2, 11, '18', 'Starbucks ', 1, ''),
(221, '2012-11-13 17:03:35', 2, 11, '19', 'Starbucks ', 1, ''),
(222, '2012-11-13 17:22:35', 2, 10, '8', '79936', 1, ''),
(223, '2012-11-13 17:25:22', 2, 11, '20', 'Starbucks ', 1, ''),
(224, '2012-11-13 17:28:47', 2, 11, '21', 'Starbucks ', 1, ''),
(225, '2012-11-13 17:38:15', 2, 11, '22', 'Starbucks ', 1, ''),
(226, '2012-11-13 17:41:37', 2, 11, '23', 'Starbucks ', 1, ''),
(227, '2012-11-13 17:41:45', 2, 11, '23', 'Starbucks ', 2, 'No fields changed.'),
(228, '2012-11-13 17:45:10', 2, 11, '16', 'Starbucks ', 2, 'Changed Description and dir_1.'),
(229, '2012-11-13 17:45:27', 2, 11, '17', 'Starbucks ', 2, 'Changed Description and dir_1.'),
(230, '2012-11-13 21:26:12', 2, 9, '13', 'Burger king ', 1, ''),
(231, '2012-11-13 21:38:04', 2, 11, '24', 'burger king ', 1, ''),
(232, '2012-11-13 21:45:23', 2, 11, '24', 'burger king ', 2, 'Changed Logo.'),
(233, '2012-11-13 22:01:28', 2, 11, '24', 'burger king ', 2, 'Changed Logo.'),
(234, '2012-11-13 22:03:31', 2, 11, '24', 'Burger King ', 2, 'Changed Title.'),
(235, '2012-11-13 22:36:21', 2, 11, '24', 'Burger King ', 2, 'Changed background_img.'),
(236, '2012-11-13 22:38:12', 2, 11, '18', 'Starbucks ', 2, 'Changed Coupon.'),
(237, '2012-11-13 22:45:52', 2, 11, '10', 'barronfam.net', 2, 'Changed Logo.'),
(238, '2012-11-13 22:47:19', 2, 11, '10', 'barronfam.net', 2, 'Changed Description.'),
(239, '2012-11-13 22:49:19', 2, 11, '10', 'barronfam.net', 2, 'Changed Logo.'),
(240, '2012-11-13 22:50:13', 2, 11, '24', 'Burger King ', 2, 'Changed background_img.'),
(241, '2012-11-13 22:57:34', 2, 11, '24', 'Burger King ', 2, 'Changed Coupon.'),
(242, '2012-11-14 18:02:05', 2, 11, '24', 'Burger King ', 2, 'Changed Video.'),
(243, '2012-11-14 18:06:19', 2, 11, '24', 'Burger King ', 2, 'Changed Video.'),
(244, '2012-11-14 18:11:18', 2, 11, '24', 'Burger King ', 2, 'Changed facebook.'),
(245, '2012-11-14 18:14:08', 2, 11, '24', 'Burger King ', 2, 'Changed Description.'),
(246, '2012-11-14 19:03:48', 2, 9, '14', 'ford ', 1, ''),
(247, '2012-11-14 19:12:22', 2, 11, '25', 'Ford Trucks ', 1, ''),
(248, '2012-11-14 19:19:12', 2, 11, '25', 'Ford Trucks ', 2, 'Changed background_img.'),
(249, '2012-11-14 19:25:36', 2, 11, '25', 'Ford Trucks ', 2, 'Changed background_img.'),
(250, '2012-11-14 19:33:23', 2, 11, '25', 'Ford Trucks ', 2, 'Changed background_img.'),
(251, '2012-11-14 19:35:21', 2, 11, '25', 'Ford Trucks ', 2, 'Changed Video.'),
(252, '2012-11-14 19:36:15', 2, 11, '25', 'Ford Trucks ', 2, 'Changed Description.'),
(253, '2012-11-14 19:36:58', 2, 11, '25', 'Ford Trucks ', 2, 'Changed Description.'),
(254, '2012-11-14 19:37:39', 2, 11, '25', 'Ford Trucks ', 2, 'Changed Description.'),
(255, '2012-11-14 19:37:57', 2, 11, '25', 'Ford Trucks ', 2, 'Changed Description.'),
(256, '2012-11-14 19:41:49', 2, 11, '25', 'Ford Trucks ', 2, 'Changed Description.'),
(257, '2012-11-14 19:44:55', 2, 11, '25', 'Ford Trucks ', 2, 'Changed Description.'),
(258, '2012-11-14 19:51:10', 2, 11, '25', 'Ford Trucks ', 2, 'Changed Video.'),
(259, '2012-11-14 22:02:29', 2, 11, '25', 'Ford Trucks ', 2, 'Changed Description.'),
(260, '2012-11-14 22:03:19', 2, 11, '25', 'Ford Trucks ', 2, 'Changed Description.'),
(261, '2012-11-14 22:44:39', 2, 11, '25', 'Ford Trucks ', 2, 'Changed Description.'),
(262, '2012-11-14 22:57:17', 2, 11, '25', 'Ford Trucks ', 2, 'Added photo gallery "".'),
(263, '2012-11-14 22:58:10', 2, 11, '25', 'Ford Trucks ', 2, 'Changed Description.'),
(264, '2012-11-14 22:59:29', 2, 11, '25', 'Ford Trucks ', 2, 'Changed Description.'),
(265, '2012-11-14 23:00:25', 2, 11, '25', 'Ford Trucks ', 2, 'Changed Description.'),
(266, '2012-11-14 23:04:43', 2, 11, '25', 'Ford Trucks ', 2, 'Changed Description.'),
(267, '2012-11-14 23:05:10', 2, 11, '25', 'Ford Trucks ', 2, 'Changed Description.'),
(268, '2012-11-14 23:06:12', 2, 11, '25', 'Ford Trucks ', 2, 'Changed Description.'),
(269, '2012-11-14 23:07:31', 2, 11, '25', 'Ford Trucks ', 2, 'Changed Description.'),
(270, '2012-11-14 23:07:50', 2, 11, '25', 'Ford Trucks ', 2, 'Changed Description.'),
(271, '2012-11-14 23:10:07', 2, 11, '25', 'Ford Trucks ', 2, 'Changed Coupon.'),
(272, '2012-11-15 21:16:59', 2, 9, '15', 'HGTV', 1, ''),
(273, '2012-11-15 21:28:19', 2, 11, '26', 'HGTV', 1, ''),
(274, '2012-11-15 21:29:45', 2, 11, '26', 'HGTV', 2, 'No fields changed.'),
(275, '2012-11-15 21:35:02', 2, 11, '26', 'HGTV', 2, 'Changed Video.'),
(276, '2012-11-15 21:44:40', 2, 11, '26', 'HGTV', 2, 'Changed Description.'),
(277, '2012-11-15 23:20:07', 2, 11, '26', 'HGTV', 2, 'Changed Coupon.'),
(278, '2012-11-19 20:00:32', 2, 9, '16', 'Goya', 1, ''),
(279, '2012-11-19 20:11:43', 2, 11, '27', 'GOYA', 1, ''),
(280, '2012-11-19 21:30:20', 2, 11, '27', 'GOYA', 2, 'Changed Description.'),
(281, '2012-11-19 21:32:10', 2, 11, '27', 'GOYA', 2, 'Changed Description.'),
(282, '2012-11-19 21:32:34', 2, 11, '27', 'GOYA', 2, 'Changed Description.'),
(283, '2012-11-19 21:33:18', 2, 11, '27', 'GOYA', 2, 'Changed Description.'),
(284, '2012-11-19 21:33:33', 2, 11, '27', 'GOYA', 2, 'Changed Description.'),
(285, '2012-11-19 21:35:06', 2, 11, '27', 'GOYA', 2, 'Changed Description.'),
(286, '2012-11-19 21:40:30', 2, 11, '27', 'GOYA', 2, 'Changed Description.'),
(287, '2012-11-19 21:43:30', 2, 11, '27', 'GOYA', 2, 'Added photo gallery "". Added photo gallery "". Added photo gallery "". Added photo gallery "". Added photo gallery "". Added photo gallery "". Added photo gallery "".'),
(288, '2012-11-19 22:34:23', 2, 11, '27', 'GOYA', 2, 'Changed background_img.'),
(289, '2012-11-19 22:38:08', 2, 11, '27', 'GOYA', 2, 'Changed Description.'),
(290, '2012-11-19 22:38:51', 2, 11, '27', 'GOYA', 2, 'Changed Description.'),
(291, '2012-11-20 21:44:47', 2, 3, '6', 'astromberg', 1, ''),
(292, '2012-11-20 21:50:29', 2, 3, '6', 'astromberg', 2, 'Changed password, first_name, last_name, email and is_superuser.'),
(293, '2012-11-20 21:51:55', 2, 3, '6', 'astromberg', 2, 'Changed password and is_staff.'),
(294, '2012-11-21 21:33:28', 2, 9, '17', 'SKF', 1, ''),
(295, '2012-11-21 21:33:46', 2, 10, '9', '99999', 1, ''),
(296, '2012-11-21 21:36:29', 2, 11, '28', 'SKF', 1, ''),
(297, '2012-11-21 21:41:00', 2, 11, '28', 'SKF', 2, 'Changed Logo.'),
(298, '2012-11-26 23:03:00', 2, 11, '11', 'REWARDS', 2, 'Changed Contact.'),
(299, '2012-11-26 23:18:16', 2, 11, '11', 'REWARDS', 2, 'Changed Video and Description.'),
(300, '2012-11-27 15:31:33', 2, 11, '27', 'GOYA', 2, 'Changed Contact.'),
(301, '2012-11-27 17:47:21', 2, 9, '18', 'dunkin donuts', 1, ''),
(302, '2012-11-27 17:47:28', 2, 10, '10', '9186510', 1, ''),
(303, '2012-11-27 17:52:18', 2, 11, '29', 'dunkin donuts', 1, ''),
(304, '2012-11-27 17:52:51', 2, 11, '29', 'Dunkin'' Donuts', 2, 'Changed Title.'),
(305, '2012-11-27 18:37:37', 2, 11, '29', 'Dunkin'' Donuts', 2, 'No fields changed.'),
(306, '2012-11-27 18:38:16', 2, 11, '29', 'Dunkin'' Donuts', 2, 'No fields changed.'),
(307, '2012-11-27 18:51:07', 2, 11, '29', 'Dunkin'' Donuts', 2, 'Changed Description.'),
(308, '2012-11-27 18:52:03', 2, 11, '29', 'Dunkin'' Donuts', 2, 'Changed Description.'),
(309, '2012-11-27 19:01:43', 2, 11, '29', 'Dunkin'' Donuts', 2, 'Changed Description.'),
(310, '2012-11-28 16:46:40', 2, 11, '29', 'Dunkin'' Donuts', 2, 'Changed Video.'),
(311, '2012-11-29 16:25:38', 2, 9, '19', 'Marriot', 1, ''),
(312, '2012-11-29 16:26:19', 2, 9, '20', 'Marriott', 1, ''),
(313, '2012-11-29 16:28:48', 2, 11, '30', 'Marriott', 1, ''),
(314, '2012-11-29 16:34:41', 2, 11, '30', 'Marriott', 2, 'Changed Logo.'),
(315, '2012-11-29 16:38:04', 2, 11, '30', 'Marriott', 2, 'Changed Logo.'),
(316, '2012-11-29 16:39:56', 2, 11, '30', 'Marriott', 2, 'No fields changed.'),
(317, '2012-11-29 16:41:12', 2, 11, '30', 'Marriott', 2, 'Added photo gallery "". Added photo gallery "". Added photo gallery "". Added photo gallery "". Added photo gallery "". Added photo gallery "".'),
(318, '2012-11-29 16:43:50', 2, 11, '30', 'Marriott', 2, 'Changed Video.'),
(319, '2012-11-29 22:21:47', 2, 9, '21', 'tago', 1, ''),
(320, '2012-11-29 22:25:25', 2, 11, '31', 'Bowman Chrome 16 Peter Tago', 1, ''),
(321, '2012-11-29 22:26:24', 2, 11, '31', 'Bowman Chrome 16 Peter Tago', 2, 'Changed Video.'),
(322, '2012-11-29 22:26:51', 2, 11, '31', 'Bowman Chrome 16 Peter Tago', 2, 'Changed Video.'),
(323, '2012-11-29 22:33:16', 2, 11, '31', 'Bowman Chrome 16 Peter Tago', 2, 'Changed Description.'),
(324, '2012-11-29 22:34:25', 2, 11, '31', 'Bowman Chrome 16 Peter Tago', 2, 'Changed Description.'),
(325, '2012-11-29 23:19:39', 2, 11, '31', 'Bowman Chrome 16 Peter Tago', 2, 'Changed Description.'),
(326, '2012-11-29 23:20:26', 2, 11, '10', 'barronfam.net', 2, 'Added photo gallery "".'),
(327, '2012-11-29 23:20:59', 2, 11, '31', 'Bowman Chrome 16 Peter Tago', 2, 'Changed Description.'),
(328, '2012-11-29 23:23:13', 2, 11, '31', 'Bowman Chrome 16 Peter Tago', 2, 'Changed Description.'),
(329, '2012-11-29 23:24:04', 2, 11, '31', 'Bowman Chrome 16 Peter Tago', 2, 'Changed Description.'),
(330, '2012-11-29 23:25:41', 2, 11, '31', 'Bowman Chrome 16 Peter Tago', 2, 'Changed Description.'),
(331, '2012-11-29 23:27:23', 2, 11, '31', 'Bowman Chrome 16 Peter Tago', 2, 'Changed Description.'),
(332, '2012-11-29 23:33:04', 2, 11, '31', 'Bowman Chrome 16 Peter Tago', 2, 'Changed Description.'),
(333, '2012-11-29 23:35:07', 2, 11, '31', 'Bowman Chrome 16 Peter Tago', 2, 'Changed Description.'),
(334, '2012-11-29 23:35:41', 2, 11, '31', 'Bowman Chrome 16 Peter Tago', 2, 'Changed Description.'),
(335, '2012-11-29 23:36:39', 2, 11, '31', 'Bowman Chrome 16 Peter Tago', 2, 'Changed Description.'),
(336, '2012-11-29 23:40:30', 2, 11, '31', 'Bowman Chrome 16 Peter Tago', 2, 'Changed Description.'),
(337, '2012-11-29 23:41:41', 2, 11, '31', 'Bowman Chrome 16 Peter Tago', 2, 'Changed Description.'),
(338, '2012-11-29 23:42:36', 2, 11, '31', 'Bowman Chrome 16 Peter Tago', 2, 'Changed Description.'),
(339, '2012-11-29 23:46:34', 2, 9, '22', 'History ', 1, ''),
(340, '2012-11-29 23:51:21', 2, 11, '32', '701010 SPORTS History Check-In ', 1, ''),
(341, '2012-11-29 23:54:16', 2, 11, '32', ' ', 2, 'Changed Title and Description.'),
(342, '2012-11-29 23:58:07', 2, 11, '31', 'Bowman Chrome 16 Peter Tago', 2, 'Changed Description.'),
(343, '2012-11-29 23:59:16', 2, 11, '32', ' ', 2, 'Changed Video.'),
(344, '2012-11-29 23:59:40', 2, 11, '32', ' ', 2, 'Changed Video.'),
(345, '2012-11-30 00:02:31', 2, 11, '32', ' ', 2, 'Changed Video and Description.'),
(346, '2012-11-30 00:04:38', 2, 11, '32', ' ', 2, 'Changed Video.'),
(347, '2012-11-30 03:03:49', 2, 11, '32', ' ', 2, 'Changed Description.'),
(348, '2012-11-30 03:05:58', 2, 11, '32', ' ', 2, 'Changed Description.'),
(349, '2012-11-30 03:07:30', 2, 11, '32', ' ', 2, 'Changed Video.'),
(350, '2012-11-30 15:20:24', 2, 11, '32', ' ', 2, 'Changed Description.'),
(351, '2012-11-30 16:06:14', 2, 11, '32', ' ', 2, 'Changed Description.'),
(352, '2012-11-30 16:07:25', 2, 11, '32', ' ', 2, 'Changed Description.'),
(353, '2012-11-30 16:23:27', 2, 11, '32', ' ', 2, 'Changed Description.'),
(354, '2012-11-30 16:26:55', 2, 11, '32', ' ', 2, 'Changed Description.'),
(355, '2012-11-30 16:31:02', 2, 11, '32', ' ', 2, 'Changed Description.'),
(356, '2012-11-30 16:50:02', 2, 11, '32', ' ', 2, 'Changed Description.'),
(357, '2012-11-30 16:51:47', 2, 11, '32', ' ', 2, 'Changed Description.'),
(358, '2012-11-30 16:52:58', 2, 11, '32', ' ', 2, 'Changed Description.'),
(359, '2012-11-30 16:53:31', 2, 11, '32', ' ', 2, 'Changed Description.'),
(360, '2012-11-30 17:06:50', 2, 11, '32', ' ', 2, 'Changed Description.'),
(361, '2012-11-30 17:46:36', 2, 11, '32', ' ', 2, 'Changed Video.'),
(362, '2012-11-30 23:25:33', 2, 9, '23', 'choice', 1, ''),
(363, '2012-11-30 23:26:56', 2, 11, '33', 'Charlotte Knights ', 1, ''),
(364, '2012-12-01 20:04:57', 2, 9, '24', 'TOYOTA', 1, ''),
(365, '2012-12-01 20:14:57', 2, 11, '34', 'TOYOTHON IS ON! ', 1, ''),
(366, '2012-12-01 20:21:38', 2, 11, '34', 'TOYOTHON IS ON! ', 2, 'Changed Video.'),
(367, '2012-12-01 20:26:40', 2, 11, '34', 'TOYOTHON IS ON! ', 2, 'Changed Description.'),
(368, '2012-12-01 20:43:27', 2, 11, '34', 'TOYOTHON IS ON! ', 2, 'Changed Video.'),
(369, '2012-12-01 20:43:44', 2, 11, '34', 'TOYOTHON IS ON! ', 2, 'Changed Video.'),
(370, '2012-12-01 20:43:59', 2, 11, '34', 'TOYOTHON IS ON! ', 2, 'Changed Video.'),
(371, '2012-12-01 20:44:21', 2, 11, '34', 'TOYOTHON IS ON! ', 2, 'Changed Video.'),
(372, '2012-12-01 20:48:41', 2, 11, '34', 'TOYOTHON IS ON! ', 2, 'Changed Video.'),
(373, '2012-12-01 20:50:08', 2, 11, '34', 'TOYOTHON IS ON! ', 2, 'Changed Video.'),
(374, '2012-12-03 18:19:12', 2, 11, '34', 'TOYOTHON IS ON! ', 2, 'Changed Video.'),
(375, '2012-12-05 22:31:28', 2, 9, '25', 'Budweiser', 1, ''),
(376, '2012-12-05 22:31:59', 2, 11, '35', 'Budweiser,', 1, ''),
(377, '2012-12-05 22:32:11', 2, 11, '35', 'Budweiser,', 2, 'No fields changed.'),
(378, '2012-12-05 22:37:30', 2, 11, '35', 'Budweiser,', 2, 'Changed Description.'),
(379, '2012-12-05 22:38:50', 2, 11, '35', 'Budweiser,', 2, 'Changed Description.'),
(380, '2012-12-05 22:44:12', 2, 11, '35', 'Budweiser,', 2, 'Changed Description.'),
(381, '2012-12-05 22:45:09', 2, 11, '35', 'Budweiser,', 2, 'Changed Description.'),
(382, '2012-12-05 22:49:03', 2, 11, '35', 'Budweiser,', 2, 'Changed Description.'),
(383, '2012-12-05 22:50:44', 2, 11, '35', 'Budweiser,', 2, 'Changed Description.'),
(384, '2012-12-05 22:51:53', 2, 11, '35', 'Budweiser,', 2, 'Changed Description.'),
(385, '2012-12-05 22:52:24', 2, 11, '35', 'Budweiser,', 2, 'Changed Description.'),
(386, '2012-12-05 22:52:50', 2, 11, '35', 'Budweiser,', 2, 'Changed Description.'),
(387, '2012-12-05 22:55:20', 2, 11, '35', 'Budweiser', 2, 'Changed Title and Description.'),
(388, '2012-12-06 16:00:25', 2, 11, '33', 'Charlotte Knights ', 2, 'Changed Logo.'),
(389, '2012-12-06 16:03:49', 2, 11, '33', 'Charlotte Knights ', 2, 'Changed Logo.'),
(390, '2012-12-06 16:05:20', 2, 11, '33', 'Charlotte Knights ', 2, 'Changed Logo.'),
(391, '2012-12-06 16:15:25', 2, 11, '33', 'Charlotte Knights ', 2, 'Changed Description.'),
(392, '2012-12-06 16:35:04', 2, 11, '35', 'Budweiser', 2, 'Changed Logo.'),
(393, '2012-12-06 16:55:48', 2, 11, '38', 'Budweiser', 1, ''),
(394, '2012-12-06 16:57:21', 2, 11, '35', 'Budweiser', 2, 'Changed Description.'),
(395, '2012-12-06 17:02:03', 2, 11, '35', 'Budweiser', 2, 'No fields changed.'),
(396, '2012-12-06 17:13:41', 2, 11, '38', 'Budweiser', 2, 'Changed Description.'),
(397, '2012-12-06 19:49:36', 2, 11, '38', 'Budweiser', 2, 'Changed Video and Description.'),
(398, '2012-12-06 19:56:50', 2, 11, '35', 'Budweiser', 2, 'Changed Description.'),
(399, '2012-12-06 19:57:37', 2, 11, '35', 'Budweiser', 2, 'No fields changed.'),
(400, '2012-12-06 20:00:41', 2, 11, '38', 'Budweiser', 2, 'Changed Description.'),
(401, '2012-12-06 20:02:51', 2, 11, '38', 'Budweiser', 2, 'Changed Description.'),
(402, '2012-12-06 20:06:19', 2, 11, '38', 'Budweiser', 2, 'Changed Description.'),
(403, '2012-12-06 20:07:41', 2, 11, '38', 'Budweiser', 2, 'Changed Description.'),
(404, '2012-12-06 20:09:37', 2, 11, '35', 'Budweiser', 2, 'Changed Description.'),
(405, '2012-12-06 20:10:43', 2, 11, '35', 'Budweiser', 2, 'Changed Description.'),
(406, '2012-12-06 21:23:11', 2, 11, '38', 'Budweiser', 2, 'Changed Description.'),
(407, '2012-12-06 21:24:01', 2, 11, '38', 'Budweiser', 2, 'Changed Description.'),
(408, '2012-12-06 21:24:37', 2, 11, '38', 'Budweiser', 2, 'Changed Description.'),
(409, '2012-12-06 21:25:22', 2, 11, '38', 'Budweiser', 2, 'Changed Description.'),
(410, '2012-12-06 21:57:43', 2, 11, '39', 'Budweiser', 1, ''),
(411, '2012-12-06 21:58:43', 2, 11, '39', 'Budweiser', 2, 'No fields changed.'),
(412, '2012-12-06 22:06:20', 2, 11, '39', 'Budweiser', 2, 'Changed Description and background_img.'),
(413, '2012-12-06 22:08:58', 2, 11, '35', 'Budweiser', 2, 'Changed background_img.'),
(414, '2012-12-06 22:09:15', 2, 11, '38', 'Budweiser', 2, 'Changed background_img.'),
(415, '2012-12-07 16:04:13', 2, 11, '40', 'Budweiser', 1, ''),
(416, '2012-12-07 16:05:15', 2, 11, '40', 'Budweiser', 2, 'No fields changed.'),
(417, '2012-12-07 16:06:24', 2, 11, '40', 'Budweiser', 2, 'Changed Description.'),
(418, '2012-12-07 18:09:18', 2, 11, '10', 'barronfam.net', 2, 'Changed Description.'),
(419, '2012-12-07 18:47:51', 2, 9, '26', 'Heineken', 1, ''),
(420, '2012-12-07 18:56:18', 2, 11, '41', 'Heineken', 1, ''),
(421, '2012-12-07 19:01:11', 2, 11, '41', 'Heineken', 2, 'Changed Description.'),
(422, '2012-12-07 19:46:32', 2, 11, '41', 'Heineken', 2, 'Changed background_img.'),
(423, '2012-12-07 23:08:17', 2, 9, '27', 'mcdonalds', 1, ''),
(424, '2012-12-07 23:22:45', 2, 11, '42', 'Mc Donalds', 1, ''),
(425, '2012-12-07 23:24:17', 2, 11, '42', 'McDonalds', 2, 'Changed Title.'),
(426, '2012-12-07 23:24:54', 2, 11, '42', 'McDonalds', 2, 'Changed Description.'),
(427, '2012-12-07 23:27:20', 2, 11, '42', 'McDonalds', 2, 'Changed Description.'),
(428, '2012-12-10 15:39:14', 2, 11, '42', 'McDonalds', 2, 'Changed Coupon.'),
(429, '2012-12-10 15:48:28', 2, 11, '29', 'Dunkin'' Donuts', 2, 'Changed Coupon.'),
(430, '2012-12-10 17:05:22', 2, 11, '10', 'barronfam.net', 2, 'Changed dir_1, cd, state and zip_code.'),
(431, '2012-12-10 17:10:10', 2, 11, '29', 'Dunkin'' Donuts', 2, 'Changed featured.'),
(432, '2012-12-10 22:31:27', 2, 11, '43', 'Heineken', 1, ''),
(433, '2012-12-10 22:32:03', 2, 11, '41', 'Heineken', 2, 'Changed Description.'),
(434, '2012-12-10 22:32:36', 2, 11, '43', 'Heineken', 2, 'Changed background_img.'),
(435, '2012-12-10 22:39:16', 2, 11, '43', 'Heineken', 2, 'Changed Description.'),
(436, '2012-12-10 22:39:55', 2, 11, '43', 'Heineken', 2, 'Changed Description.'),
(437, '2012-12-13 15:26:27', 2, 9, '28', 'Hosptiales Angeles', 1, ''),
(438, '2012-12-13 15:34:00', 2, 11, '44', 'HOSPITAL ANGELES', 1, ''),
(439, '2012-12-13 15:41:50', 2, 11, '44', 'HOSPITAL ANGELES', 2, 'Changed Description.'),
(440, '2012-12-13 16:09:04', 2, 11, '44', 'HOSPITAL ANGELES', 2, 'Changed Description.'),
(441, '2012-12-13 16:11:29', 2, 11, '44', 'HOSPITAL ANGELES', 2, 'Changed Description.'),
(442, '2012-12-13 16:13:28', 2, 11, '44', 'HOSPITAL ANGELES', 2, 'Changed Description.'),
(443, '2012-12-13 16:15:05', 2, 11, '44', 'HOSPITAL ANGELES', 2, 'Changed Description.'),
(444, '2012-12-13 16:16:43', 2, 11, '44', 'HOSPITAL ANGELES', 2, 'Changed Description.'),
(445, '2012-12-13 16:18:56', 2, 11, '44', 'HOSPITAL ANGELES', 2, 'Changed Description.'),
(446, '2012-12-13 16:23:30', 2, 11, '44', 'HOSPITAL ANGELES', 2, 'Changed Description.'),
(447, '2012-12-13 16:23:51', 2, 11, '44', 'HOSPITAL ANGELES', 2, 'No fields changed.'),
(448, '2012-12-13 16:30:32', 2, 11, '44', 'HOSPITAL ANGELES', 2, 'Changed Description.'),
(449, '2012-12-13 16:31:31', 2, 11, '44', 'HOSPITAL ANGELES', 2, 'Changed Description.'),
(450, '2012-12-13 16:33:26', 2, 11, '43', 'Heineken', 2, 'Changed Description.'),
(451, '2012-12-13 16:33:43', 2, 11, '43', 'Heineken', 2, 'Changed Description.'),
(452, '2012-12-13 16:34:17', 2, 11, '43', 'Heineken', 2, 'Changed Description.'),
(453, '2012-12-13 16:34:37', 2, 11, '44', 'HOSPITAL ANGELES', 2, 'Changed Description.'),
(454, '2012-12-13 16:35:25', 2, 11, '44', 'HOSPITAL ANGELES', 2, 'Changed Description.'),
(455, '2012-12-13 16:36:17', 2, 11, '44', 'HOSPITAL ANGELES', 2, 'Changed Description.'),
(456, '2012-12-13 17:35:25', 2, 11, '44', 'HOSPITAL ANGELES', 2, 'Changed Description.'),
(457, '2012-12-13 17:35:57', 2, 11, '44', 'HOSPITAL ANGELES', 2, 'Changed Description.'),
(458, '2012-12-13 17:36:43', 2, 11, '44', 'HOSPITAL ANGELES', 2, 'Changed Description.'),
(459, '2012-12-13 17:37:15', 2, 11, '44', 'HOSPITAL ANGELES', 2, 'Changed Description.'),
(460, '2012-12-13 17:41:39', 2, 11, '44', 'HOSPITAL ANGELES', 2, 'Changed Description.'),
(461, '2012-12-13 17:44:17', 2, 11, '44', 'HOSPITAL ANGELES', 2, 'Changed Description.'),
(462, '2012-12-13 17:47:45', 2, 11, '44', 'HOSPITAL ANGELES', 2, 'Changed Description.'),
(463, '2012-12-13 17:49:12', 2, 11, '44', 'HOSPITAL ANGELES', 2, 'Changed Description.'),
(464, '2012-12-13 19:03:22', 2, 11, '44', 'HOSPITAL ANGELES', 2, 'Changed Description.'),
(465, '2012-12-13 19:04:31', 2, 11, '44', 'HOSPITAL ANGELES', 2, 'Changed Description.'),
(466, '2012-12-13 19:05:50', 2, 11, '44', 'HOSPITAL ANGELES', 2, 'Changed Description.'),
(467, '2012-12-13 19:08:19', 2, 11, '44', 'HOSPITAL ANGELES', 2, 'Changed Description.'),
(468, '2012-12-13 19:10:57', 2, 11, '44', 'HOSPITAL ANGELES', 2, 'Changed Description.'),
(469, '2012-12-13 19:11:25', 2, 11, '44', 'HOSPITAL ANGELES', 2, 'No fields changed.'),
(470, '2012-12-13 19:11:52', 2, 11, '44', 'HOSPITAL ANGELES', 2, 'Changed Description.'),
(471, '2012-12-13 19:14:55', 2, 11, '44', 'HOSPITAL ANGELES', 2, 'Changed Description.'),
(472, '2012-12-13 19:17:32', 2, 11, '44', 'HOSPITAL ANGELES', 2, 'Changed Description.'),
(473, '2012-12-13 19:24:16', 2, 11, '44', 'HOSPITAL ANGELES', 2, 'Changed Description.'),
(474, '2012-12-13 19:27:44', 2, 11, '44', 'HOSPITAL ANGELES', 2, 'Changed Description.'),
(475, '2012-12-13 19:32:17', 2, 11, '44', 'HOSPITAL ANGELES', 2, 'Changed Description.'),
(476, '2012-12-13 19:35:05', 2, 11, '44', 'HOSPITAL ANGELES', 2, 'Changed Description.'),
(477, '2012-12-13 19:35:43', 2, 11, '44', 'HOSPITAL ANGELES', 2, 'Changed Description.'),
(478, '2012-12-13 19:42:29', 2, 11, '44', 'HOSPITAL ANGELES', 2, 'Changed Description.'),
(479, '2012-12-13 19:46:59', 2, 11, '44', 'HOSPITAL ANGELES', 2, 'Changed Description.'),
(480, '2012-12-13 19:50:39', 2, 11, '44', 'HOSPITAL ANGELES', 2, 'Changed Description.'),
(481, '2012-12-13 19:51:41', 2, 11, '44', 'HOSPITAL ANGELES', 2, 'Changed Description.'),
(482, '2012-12-13 19:57:08', 2, 11, '44', 'HOSPITAL ANGELES', 2, 'Changed Description.'),
(483, '2012-12-13 19:57:27', 2, 11, '44', 'HOSPITAL ANGELES', 2, 'Changed Description.'),
(484, '2012-12-13 19:58:14', 2, 11, '44', 'HOSPITAL ANGELES', 2, 'Changed Description.'),
(485, '2012-12-13 19:58:39', 2, 11, '44', 'HOSPITAL ANGELES', 2, 'Changed Description.'),
(486, '2012-12-13 20:01:39', 2, 11, '44', 'HOSPITAL ANGELES', 2, 'Changed Description.'),
(487, '2012-12-13 20:07:29', 2, 11, '44', 'HOSPITAL ANGELES', 2, 'Changed Description.'),
(488, '2012-12-17 18:28:42', 2, 11, '44', 'HOSPITAL ANGELES', 2, 'Changed Description.'),
(489, '2012-12-17 18:32:28', 2, 11, '44', 'HOSPITAL ANGELES', 2, 'Changed Description.'),
(490, '2012-12-17 19:22:23', 2, 11, '44', 'HOSPITAL ANGELES', 2, 'Changed Description.'),
(491, '2012-12-19 17:43:39', 5, 11, '33', 'Charlotte Knights ', 2, 'Changed show_dir, dir_1, dir_2, cd, state, zip_code, info_cupon and image_cupon.'),
(492, '2012-12-19 19:23:16', 5, 11, '33', 'Charlotte Knights ', 2, 'Changed show_dir.'),
(493, '2012-12-21 16:06:39', 2, 11, '10', 'barronfam.net', 2, 'Changed info_cupon and image_cupon.'),
(494, '2012-12-21 16:07:16', 2, 11, '10', 'barronfam.net', 2, 'Changed Description.'),
(495, '2012-12-21 16:07:27', 2, 11, '10', 'barronfam.net', 2, 'Changed Coupon.'),
(496, '2012-12-21 16:09:59', 2, 11, '10', 'barronfam.net', 2, 'Changed Coupon, info_cupon and image_cupon.'),
(497, '2012-12-21 20:26:07', 2, 11, '10', 'barronfam.net', 2, 'Changed image_cupon.'),
(498, '2012-12-21 20:28:51', 2, 11, '10', 'barronfam.net', 2, 'Changed info_cupon.'),
(499, '2012-12-21 20:29:28', 2, 11, '10', 'barronfam.net', 2, 'Changed info_cupon.'),
(500, '2012-12-24 17:04:01', 2, 11, '10', 'barronfam.net', 2, 'Changed Video.'),
(501, '2012-12-25 16:41:54', 2, 11, '10', 'barronfam.net', 2, 'Changed Video and Description.'),
(502, '2012-12-26 15:48:23', 2, 3, '3', 'apayan', 2, 'Changed password and is_superuser.'),
(503, '2012-12-26 17:12:55', 2, 11, '10', 'barronfam.net', 2, 'Changed Description.'),
(504, '2013-01-02 22:31:55', 2, 11, '17', 'Starbucks ', 2, 'Changed Description.'),
(505, '2013-01-02 22:32:07', 2, 11, '17', 'Starbucks ', 2, 'No fields changed.'),
(506, '2013-01-02 22:32:45', 2, 11, '17', 'Starbucks ', 2, 'No fields changed.'),
(507, '2013-01-04 15:41:17', 2, 11, '21', 'Starbucks ', 2, 'Changed Description.'),
(508, '2013-01-08 17:07:36', 5, 11, '44', 'HOSPITAL ANGELES', 2, 'Changed Description.'),
(509, '2013-01-22 17:51:48', 2, 11, '45', 'test2', 1, ''),
(510, '2013-01-22 17:52:26', 2, 11, '45', 'test2', 2, 'Changed Coupon and background_img.'),
(511, '2013-02-05 21:08:18', 2, 11, '5', 'Sky Mall', 2, 'Changed Logo.'),
(512, '2013-02-05 21:34:31', 2, 11, '5', 'Sky Mall', 3, ''),
(513, '2013-02-05 21:38:53', 2, 11, '46', '  ', 1, ''),
(514, '2013-02-05 21:47:35', 2, 11, '46', '  ', 2, 'Changed Video.'),
(515, '2013-02-05 21:55:30', 2, 11, '46', '  ', 2, 'Changed background_img.'),
(516, '2013-02-05 22:01:14', 2, 11, '46', '  ', 2, 'Changed background_img.'),
(517, '2013-02-05 23:02:19', 2, 11, '46', '  ', 2, 'Changed Video.'),
(518, '2013-02-07 18:45:09', 2, 11, '46', '  ', 2, 'Changed Coupon and Description.'),
(519, '2013-02-07 18:53:56', 2, 11, '46', '  ', 2, 'Changed Description.'),
(520, '2013-02-07 19:33:19', 2, 11, '46', '  ', 2, 'Changed Description and image_cupon.'),
(521, '2013-02-07 19:33:26', 2, 11, '46', '  ', 2, 'Changed image_cupon.'),
(522, '2013-02-07 19:33:55', 2, 11, '46', '  ', 2, 'Changed info_cupon.'),
(523, '2013-02-07 19:34:29', 2, 11, '46', '  ', 2, 'Changed info_cupon.'),
(524, '2013-02-07 19:36:46', 2, 11, '46', '  ', 2, 'Changed Description.');

-- --------------------------------------------------------

--
-- Table structure for table `django_content_type`
--

CREATE TABLE IF NOT EXISTS `django_content_type` (
  `id` int(11) NOT NULL AUTO_INCREMENT,
  `name` varchar(100) NOT NULL,
  `app_label` varchar(100) NOT NULL,
  `model` varchar(100) NOT NULL,
  PRIMARY KEY (`id`),
  UNIQUE KEY `app_label` (`app_label`,`model`)
) ENGINE=InnoDB  DEFAULT CHARSET=utf8 AUTO_INCREMENT=15 ;

--
-- Dumping data for table `django_content_type`
--

INSERT INTO `django_content_type` (`id`, `name`, `app_label`, `model`) VALUES
(1, 'permission', 'auth', 'permission'),
(2, 'group', 'auth', 'group'),
(3, 'user', 'auth', 'user'),
(4, 'content type', 'contenttypes', 'contenttype'),
(5, 'session', 'sessions', 'session'),
(6, 'site', 'sites', 'site'),
(7, 'flat page', 'flatpages', 'flatpage'),
(8, 'log entry', 'admin', 'logentry'),
(9, 'customer', 'customers', 'customer'),
(10, 'zip code', 'customers', 'zipcode'),
(11, 'branch', 'customers', 'branch'),
(12, 'photo gallery', 'customers', 'photogallery'),
(13, 'Info Phone', 'customers', 'phone_info'),
(14, 'kv store', 'thumbnail', 'kvstore');

-- --------------------------------------------------------

--
-- Table structure for table `django_flatpage`
--

CREATE TABLE IF NOT EXISTS `django_flatpage` (
  `id` int(11) NOT NULL AUTO_INCREMENT,
  `url` varchar(100) NOT NULL,
  `title` varchar(200) NOT NULL,
  `content` longtext NOT NULL,
  `enable_comments` tinyint(1) NOT NULL,
  `template_name` varchar(70) NOT NULL,
  `registration_required` tinyint(1) NOT NULL,
  PRIMARY KEY (`id`),
  KEY `django_flatpage_a4b49ab` (`url`)
) ENGINE=InnoDB  DEFAULT CHARSET=utf8 AUTO_INCREMENT=3 ;

--
-- Dumping data for table `django_flatpage`
--

INSERT INTO `django_flatpage` (`id`, `url`, `title`, `content`, `enable_comments`, `template_name`, `registration_required`) VALUES
(1, '/about/', 'About US', 'About US', 0, 'flat_pages/page.html', 0),
(2, '/faq/', 'FAQ', 'FAQ', 0, 'flat_pages/page.html', 0);

-- --------------------------------------------------------

--
-- Table structure for table `django_flatpage_sites`
--

CREATE TABLE IF NOT EXISTS `django_flatpage_sites` (
  `id` int(11) NOT NULL AUTO_INCREMENT,
  `flatpage_id` int(11) NOT NULL,
  `site_id` int(11) NOT NULL,
  PRIMARY KEY (`id`),
  UNIQUE KEY `flatpage_id` (`flatpage_id`,`site_id`),
  KEY `django_flatpage_sites_dedefef8` (`flatpage_id`),
  KEY `django_flatpage_sites_6223029` (`site_id`)
) ENGINE=InnoDB  DEFAULT CHARSET=utf8 AUTO_INCREMENT=4 ;

--
-- Dumping data for table `django_flatpage_sites`
--

INSERT INTO `django_flatpage_sites` (`id`, `flatpage_id`, `site_id`) VALUES
(3, 1, 1),
(2, 2, 1);

-- --------------------------------------------------------

--
-- Table structure for table `django_session`
--

CREATE TABLE IF NOT EXISTS `django_session` (
  `session_key` varchar(40) NOT NULL,
  `session_data` longtext NOT NULL,
  `expire_date` datetime NOT NULL,
  PRIMARY KEY (`session_key`),
  KEY `django_session_c25c2c28` (`expire_date`)
) ENGINE=InnoDB DEFAULT CHARSET=utf8;

--
-- Dumping data for table `django_session`
--

INSERT INTO `django_session` (`session_key`, `session_data`, `expire_date`) VALUES
('032fbd5cc53dbef88c97fa40960c04f2', 'ZTkyNDM3ZWM1OThkZDFkMjFmYzc2NTcxMmU3OWU5YzNiNzQ3MmNjZjqAAn1xAVUKdGVzdGNvb2tp\nZVUGd29ya2VkcQJzLg==\n', '2012-12-28 16:11:46'),
('051c2209f229e818d3ca6e2b1a90de5a', 'M2YwNzMzMmMxMmI1ZWJmNWI2NTZkM2FhZWUwYmIwZjA1MzU3MjI2MjqAAn1xAShVEl9hdXRoX3Vz\nZXJfYmFja2VuZHECVSlkamFuZ28uY29udHJpYi5hdXRoLmJhY2tlbmRzLk1vZGVsQmFja2VuZHED\nVQ1fYXV0aF91c2VyX2lkcQSKAQJ1Lg==\n', '2012-12-04 21:57:44'),
('14fbbc24783212e6e963a16364089aa4', 'ODljZjhhYzQ0NDNiYWEyNWRkYWI3ODZiYjRkNTVlY2YyNmE5Zjc0YTqAAn1xAShVEl9hdXRoX3Vz\nZXJfYmFja2VuZHECVSlkamFuZ28uY29udHJpYi5hdXRoLmJhY2tlbmRzLk1vZGVsQmFja2VuZHED\nVQ1fYXV0aF91c2VyX2lkcQSKAQF1Lg==\n', '2012-11-12 15:24:55'),
('15fca4d989cca7290d6f00f03766d384', 'MzBiMDJmMTNkNDdhZDQ2N2JmZjE3ZjBkMjYxODI5NTBiNjhkNTBjNzqAAn1xAShVEl9hdXRoX3Vz\nZXJfYmFja2VuZHECVSlkamFuZ28uY29udHJpYi5hdXRoLmJhY2tlbmRzLk1vZGVsQmFja2VuZHED\nVQ1fYXV0aF91c2VyX2lkcQSKAQV1Lg==\n', '2012-12-28 16:10:31'),
('1dbc8c0e9ee2bfe6900fd56668afb1f9', 'M2YwNzMzMmMxMmI1ZWJmNWI2NTZkM2FhZWUwYmIwZjA1MzU3MjI2MjqAAn1xAShVEl9hdXRoX3Vz\nZXJfYmFja2VuZHECVSlkamFuZ28uY29udHJpYi5hdXRoLmJhY2tlbmRzLk1vZGVsQmFja2VuZHED\nVQ1fYXV0aF91c2VyX2lkcQSKAQJ1Lg==\n', '2012-11-12 17:44:26'),
('1ecbac859a7b4a889edabb31c1229cc6', 'M2YwNzMzMmMxMmI1ZWJmNWI2NTZkM2FhZWUwYmIwZjA1MzU3MjI2MjqAAn1xAShVEl9hdXRoX3Vz\nZXJfYmFja2VuZHECVSlkamFuZ28uY29udHJpYi5hdXRoLmJhY2tlbmRzLk1vZGVsQmFja2VuZHED\nVQ1fYXV0aF91c2VyX2lkcQSKAQJ1Lg==\n', '2013-01-16 23:17:36'),
('30f5bb5c4a70788bbf67ef397b15c476', 'MzBiMDJmMTNkNDdhZDQ2N2JmZjE3ZjBkMjYxODI5NTBiNjhkNTBjNzqAAn1xAShVEl9hdXRoX3Vz\nZXJfYmFja2VuZHECVSlkamFuZ28uY29udHJpYi5hdXRoLmJhY2tlbmRzLk1vZGVsQmFja2VuZHED\nVQ1fYXV0aF91c2VyX2lkcQSKAQV1Lg==\n', '2013-01-22 16:57:17'),
('3da08f536b497f48ebc2088beed3897b', 'M2YwNzMzMmMxMmI1ZWJmNWI2NTZkM2FhZWUwYmIwZjA1MzU3MjI2MjqAAn1xAShVEl9hdXRoX3Vz\nZXJfYmFja2VuZHECVSlkamFuZ28uY29udHJpYi5hdXRoLmJhY2tlbmRzLk1vZGVsQmFja2VuZHED\nVQ1fYXV0aF91c2VyX2lkcQSKAQJ1Lg==\n', '2013-01-04 16:05:01'),
('41b94dda18b53bf5368c5b4f73197f4a', 'M2YwNzMzMmMxMmI1ZWJmNWI2NTZkM2FhZWUwYmIwZjA1MzU3MjI2MjqAAn1xAShVEl9hdXRoX3Vz\nZXJfYmFja2VuZHECVSlkamFuZ28uY29udHJpYi5hdXRoLmJhY2tlbmRzLk1vZGVsQmFja2VuZHED\nVQ1fYXV0aF91c2VyX2lkcQSKAQJ1Lg==\n', '2013-02-21 16:22:57'),
('46c1b9f10a48bf3dd273a2a82240df13', 'OGZjYmE4Mjc1ZTFiZjZiYTZkNDJjZjYyMjIxM2Q3NWRjMjliOWU3ZDqAAn1xAVUKdGVzdGNvb2tp\nZXECVQZ3b3JrZWRxA3Mu\n', '2012-11-12 00:26:58'),
('476997dbf3c3f9b539405a4c422b09d7', 'M2YwNzMzMmMxMmI1ZWJmNWI2NTZkM2FhZWUwYmIwZjA1MzU3MjI2MjqAAn1xAShVEl9hdXRoX3Vz\nZXJfYmFja2VuZHECVSlkamFuZ28uY29udHJpYi5hdXRoLmJhY2tlbmRzLk1vZGVsQmFja2VuZHED\nVQ1fYXV0aF91c2VyX2lkcQSKAQJ1Lg==\n', '2012-12-27 17:54:55'),
('4dc3dfac2d53723dfa1c10533b88cf26', 'M2YwNzMzMmMxMmI1ZWJmNWI2NTZkM2FhZWUwYmIwZjA1MzU3MjI2MjqAAn1xAShVEl9hdXRoX3Vz\nZXJfYmFja2VuZHECVSlkamFuZ28uY29udHJpYi5hdXRoLmJhY2tlbmRzLk1vZGVsQmFja2VuZHED\nVQ1fYXV0aF91c2VyX2lkcQSKAQJ1Lg==\n', '2012-11-22 00:01:35'),
('5363eee632b776b774a617374633637c', 'ZTkyNDM3ZWM1OThkZDFkMjFmYzc2NTcxMmU3OWU5YzNiNzQ3MmNjZjqAAn1xAVUKdGVzdGNvb2tp\nZVUGd29ya2VkcQJzLg==\n', '2012-12-14 05:16:40'),
('5453556d031db75cc2acd929305aa05b', 'ODljZjhhYzQ0NDNiYWEyNWRkYWI3ODZiYjRkNTVlY2YyNmE5Zjc0YTqAAn1xAShVEl9hdXRoX3Vz\nZXJfYmFja2VuZHECVSlkamFuZ28uY29udHJpYi5hdXRoLmJhY2tlbmRzLk1vZGVsQmFja2VuZHED\nVQ1fYXV0aF91c2VyX2lkcQSKAQF1Lg==\n', '2012-11-14 21:19:18'),
('5b4fe1755b76f225c0ccb3bf6a321f67', 'OGZjYmE4Mjc1ZTFiZjZiYTZkNDJjZjYyMjIxM2Q3NWRjMjliOWU3ZDqAAn1xAVUKdGVzdGNvb2tp\nZXECVQZ3b3JrZWRxA3Mu\n', '2013-02-27 20:41:14'),
('5b9d5214b73908e8198b5ca950b14fda', 'ODljZjhhYzQ0NDNiYWEyNWRkYWI3ODZiYjRkNTVlY2YyNmE5Zjc0YTqAAn1xAShVEl9hdXRoX3Vz\nZXJfYmFja2VuZHECVSlkamFuZ28uY29udHJpYi5hdXRoLmJhY2tlbmRzLk1vZGVsQmFja2VuZHED\nVQ1fYXV0aF91c2VyX2lkcQSKAQF1Lg==\n', '2012-11-12 15:31:19'),
('63862a0ef236f3db75bd5307160406d3', 'M2YwNzMzMmMxMmI1ZWJmNWI2NTZkM2FhZWUwYmIwZjA1MzU3MjI2MjqAAn1xAShVEl9hdXRoX3Vz\nZXJfYmFja2VuZHECVSlkamFuZ28uY29udHJpYi5hdXRoLmJhY2tlbmRzLk1vZGVsQmFja2VuZHED\nVQ1fYXV0aF91c2VyX2lkcQSKAQJ1Lg==\n', '2012-12-19 22:07:55'),
('65fec0bf10de8ee8f1e69e6bd76fdaf8', 'MzBiMDJmMTNkNDdhZDQ2N2JmZjE3ZjBkMjYxODI5NTBiNjhkNTBjNzqAAn1xAShVEl9hdXRoX3Vz\nZXJfYmFja2VuZHECVSlkamFuZ28uY29udHJpYi5hdXRoLmJhY2tlbmRzLk1vZGVsQmFja2VuZHED\nVQ1fYXV0aF91c2VyX2lkcQSKAQV1Lg==\n', '2012-12-31 17:20:51'),
('66e50961a9e1828fdf1f926e4033da40', 'M2YwNzMzMmMxMmI1ZWJmNWI2NTZkM2FhZWUwYmIwZjA1MzU3MjI2MjqAAn1xAShVEl9hdXRoX3Vz\nZXJfYmFja2VuZHECVSlkamFuZ28uY29udHJpYi5hdXRoLmJhY2tlbmRzLk1vZGVsQmFja2VuZHED\nVQ1fYXV0aF91c2VyX2lkcQSKAQJ1Lg==\n', '2013-03-08 17:53:42'),
('6b1273d2105ba5b83297af7ca9aaf9d1', 'YjhiYjZlMmQxZThlMjVjMDI0MmI5NWU1ODY1NmQwMTI1MWYwMjBkYTqAAn1xAShVEl9hdXRoX3Vz\nZXJfYmFja2VuZHECVSlkamFuZ28uY29udHJpYi5hdXRoLmJhY2tlbmRzLk1vZGVsQmFja2VuZHED\nVQ1fYXV0aF91c2VyX2lkcQSKAQR1Lg==\n', '2012-11-14 22:14:23'),
('6d7fb0c61b6243c9c885da98439c2c50', 'MzBiMDJmMTNkNDdhZDQ2N2JmZjE3ZjBkMjYxODI5NTBiNjhkNTBjNzqAAn1xAShVEl9hdXRoX3Vz\nZXJfYmFja2VuZHECVSlkamFuZ28uY29udHJpYi5hdXRoLmJhY2tlbmRzLk1vZGVsQmFja2VuZHED\nVQ1fYXV0aF91c2VyX2lkcQSKAQV1Lg==\n', '2012-11-15 18:44:42'),
('6ffc1834c4dd6f84214a91998d341c09', 'OGZjYmE4Mjc1ZTFiZjZiYTZkNDJjZjYyMjIxM2Q3NWRjMjliOWU3ZDqAAn1xAVUKdGVzdGNvb2tp\nZXECVQZ3b3JrZWRxA3Mu\n', '2013-02-07 23:32:44'),
('7adbdc0f724350c9be41ef2b2046375b', 'M2YwNzMzMmMxMmI1ZWJmNWI2NTZkM2FhZWUwYmIwZjA1MzU3MjI2MjqAAn1xAShVEl9hdXRoX3Vz\nZXJfYmFja2VuZHECVSlkamFuZ28uY29udHJpYi5hdXRoLmJhY2tlbmRzLk1vZGVsQmFja2VuZHED\nVQ1fYXV0aF91c2VyX2lkcQSKAQJ1Lg==\n', '2013-01-21 22:47:38'),
('8fc7839ca0eb51ba0fd2cd91228bf696', 'ZTkyNDM3ZWM1OThkZDFkMjFmYzc2NTcxMmU3OWU5YzNiNzQ3MmNjZjqAAn1xAVUKdGVzdGNvb2tp\nZVUGd29ya2VkcQJzLg==\n', '2012-11-14 16:33:11'),
('9c2d4e858be1024efcfa9029cef35077', 'M2YwNzMzMmMxMmI1ZWJmNWI2NTZkM2FhZWUwYmIwZjA1MzU3MjI2MjqAAn1xAShVEl9hdXRoX3Vz\nZXJfYmFja2VuZHECVSlkamFuZ28uY29udHJpYi5hdXRoLmJhY2tlbmRzLk1vZGVsQmFja2VuZHED\nVQ1fYXV0aF91c2VyX2lkcQSKAQJ1Lg==\n', '2013-02-05 17:38:40'),
('9f7f117e96e1db147a010bf951abb4c7', 'MzBiMDJmMTNkNDdhZDQ2N2JmZjE3ZjBkMjYxODI5NTBiNjhkNTBjNzqAAn1xAShVEl9hdXRoX3Vz\nZXJfYmFja2VuZHECVSlkamFuZ28uY29udHJpYi5hdXRoLmJhY2tlbmRzLk1vZGVsQmFja2VuZHED\nVQ1fYXV0aF91c2VyX2lkcQSKAQV1Lg==\n', '2012-12-04 19:09:00'),
('a3bda0680a5544b32744a688aec60c5f', 'ZTkyNDM3ZWM1OThkZDFkMjFmYzc2NTcxMmU3OWU5YzNiNzQ3MmNjZjqAAn1xAVUKdGVzdGNvb2tp\nZVUGd29ya2VkcQJzLg==\n', '2012-11-14 22:36:03'),
('b330c2368b7355dbd69cd1aad0d3138b', 'M2YwNzMzMmMxMmI1ZWJmNWI2NTZkM2FhZWUwYmIwZjA1MzU3MjI2MjqAAn1xAShVEl9hdXRoX3Vz\nZXJfYmFja2VuZHECVSlkamFuZ28uY29udHJpYi5hdXRoLmJhY2tlbmRzLk1vZGVsQmFja2VuZHED\nVQ1fYXV0aF91c2VyX2lkcQSKAQJ1Lg==\n', '2012-11-19 15:56:10'),
('b5db510799764b553ba1f457b01c6d94', 'OGZjYmE4Mjc1ZTFiZjZiYTZkNDJjZjYyMjIxM2Q3NWRjMjliOWU3ZDqAAn1xAVUKdGVzdGNvb2tp\nZXECVQZ3b3JrZWRxA3Mu\n', '2012-11-12 17:59:17'),
('b895833fcdb19aad1969bab74c789b62', 'M2YwNzMzMmMxMmI1ZWJmNWI2NTZkM2FhZWUwYmIwZjA1MzU3MjI2MjqAAn1xAShVEl9hdXRoX3Vz\nZXJfYmFja2VuZHECVSlkamFuZ28uY29udHJpYi5hdXRoLmJhY2tlbmRzLk1vZGVsQmFja2VuZHED\nVQ1fYXV0aF91c2VyX2lkcQSKAQJ1Lg==\n', '2012-11-14 16:57:06'),
('ba7d3690167160b6a85c334b313d1e59', 'M2YwNzMzMmMxMmI1ZWJmNWI2NTZkM2FhZWUwYmIwZjA1MzU3MjI2MjqAAn1xAShVEl9hdXRoX3Vz\nZXJfYmFja2VuZHECVSlkamFuZ28uY29udHJpYi5hdXRoLmJhY2tlbmRzLk1vZGVsQmFja2VuZHED\nVQ1fYXV0aF91c2VyX2lkcQSKAQJ1Lg==\n', '2012-11-20 16:33:14'),
('bb98817759de0732f80f2019dd51b5c4', 'M2YwNzMzMmMxMmI1ZWJmNWI2NTZkM2FhZWUwYmIwZjA1MzU3MjI2MjqAAn1xAShVEl9hdXRoX3Vz\nZXJfYmFja2VuZHECVSlkamFuZ28uY29udHJpYi5hdXRoLmJhY2tlbmRzLk1vZGVsQmFja2VuZHED\nVQ1fYXV0aF91c2VyX2lkcQSKAQJ1Lg==\n', '2013-01-21 22:16:29'),
('bd57aefb1b802fd2d6327555ade29399', 'YjhiYjZlMmQxZThlMjVjMDI0MmI5NWU1ODY1NmQwMTI1MWYwMjBkYTqAAn1xAShVEl9hdXRoX3Vz\nZXJfYmFja2VuZHECVSlkamFuZ28uY29udHJpYi5hdXRoLmJhY2tlbmRzLk1vZGVsQmFja2VuZHED\nVQ1fYXV0aF91c2VyX2lkcQSKAQR1Lg==\n', '2012-11-12 17:51:31'),
('be2f9f5924a7e5e5cb5f831d4ff246ab', 'M2YwNzMzMmMxMmI1ZWJmNWI2NTZkM2FhZWUwYmIwZjA1MzU3MjI2MjqAAn1xAShVEl9hdXRoX3Vz\nZXJfYmFja2VuZHECVSlkamFuZ28uY29udHJpYi5hdXRoLmJhY2tlbmRzLk1vZGVsQmFja2VuZHED\nVQ1fYXV0aF91c2VyX2lkcQSKAQJ1Lg==\n', '2012-12-12 16:56:49'),
('bfade8e441184484d943f064c88ed30c', 'ZWY4ODU0NmEwMjgyYzBjYzFkYTliNjU0ZTVjNGY4NmI0NjIwMmU1YjqAAn1xAShVEl9hdXRoX3Vz\nZXJfYmFja2VuZHECVSlkamFuZ28uY29udHJpYi5hdXRoLmJhY2tlbmRzLk1vZGVsQmFja2VuZHED\nVQ1fYXV0aF91c2VyX2lkcQSKAQN1Lg==\n', '2013-01-09 15:48:33'),
('db5291f468af6f8bcae8cc89815f2798', 'MzBiMDJmMTNkNDdhZDQ2N2JmZjE3ZjBkMjYxODI5NTBiNjhkNTBjNzqAAn1xAShVEl9hdXRoX3Vz\nZXJfYmFja2VuZHECVSlkamFuZ28uY29udHJpYi5hdXRoLmJhY2tlbmRzLk1vZGVsQmFja2VuZHED\nVQ1fYXV0aF91c2VyX2lkcQSKAQV1Lg==\n', '2012-11-19 23:06:44'),
('e152d0d97c7f2753a3800f28e11d8a67', 'M2YwNzMzMmMxMmI1ZWJmNWI2NTZkM2FhZWUwYmIwZjA1MzU3MjI2MjqAAn1xAShVEl9hdXRoX3Vz\nZXJfYmFja2VuZHECVSlkamFuZ28uY29udHJpYi5hdXRoLmJhY2tlbmRzLk1vZGVsQmFja2VuZHED\nVQ1fYXV0aF91c2VyX2lkcQSKAQJ1Lg==\n', '2012-11-12 18:40:39'),
('f6503807c1ca0694d00323339948b524', 'M2YwNzMzMmMxMmI1ZWJmNWI2NTZkM2FhZWUwYmIwZjA1MzU3MjI2MjqAAn1xAShVEl9hdXRoX3Vz\nZXJfYmFja2VuZHECVSlkamFuZ28uY29udHJpYi5hdXRoLmJhY2tlbmRzLk1vZGVsQmFja2VuZHED\nVQ1fYXV0aF91c2VyX2lkcQSKAQJ1Lg==\n', '2013-02-19 20:54:44'),
('fbc8adaeb4996357d545c79a7939a1ab', 'ZTkyNDM3ZWM1OThkZDFkMjFmYzc2NTcxMmU3OWU5YzNiNzQ3MmNjZjqAAn1xAVUKdGVzdGNvb2tp\nZVUGd29ya2VkcQJzLg==\n', '2012-11-12 17:48:17');

-- --------------------------------------------------------

--
-- Table structure for table `django_site`
--

CREATE TABLE IF NOT EXISTS `django_site` (
  `id` int(11) NOT NULL AUTO_INCREMENT,
  `domain` varchar(100) NOT NULL,
  `name` varchar(50) NOT NULL,
  PRIMARY KEY (`id`)
) ENGINE=InnoDB  DEFAULT CHARSET=utf8 AUTO_INCREMENT=2 ;

--
-- Dumping data for table `django_site`
--

INSERT INTO `django_site` (`id`, `domain`, `name`) VALUES
(1, 'example.com', 'example.com');

-- --------------------------------------------------------

--
-- Table structure for table `thumbnail_kvstore`
--

CREATE TABLE IF NOT EXISTS `thumbnail_kvstore` (
  `key` varchar(200) NOT NULL,
  `value` longtext NOT NULL,
  PRIMARY KEY (`key`)
) ENGINE=InnoDB DEFAULT CHARSET=utf8;

--
-- Dumping data for table `thumbnail_kvstore`
--

INSERT INTO `thumbnail_kvstore` (`key`, `value`) VALUES
('sorl-thumbnail||image||006d3794c921ae4b1e122ab83de0b2d1', '{"storage": "django.core.files.storage.FileSystemStorage", "name": "branch/galery/102908938x.jpg", "size": [380, 380]}'),
('sorl-thumbnail||image||009935e0ea6f5c1eb6d8d9401057cc0b', '{"storage": "django.core.files.storage.FileSystemStorage", "name": "cache/9f/cf/9fcf77fd6531c178ed0e93ca0c3203a2.jpg", "size": [210, 155]}'),
('sorl-thumbnail||image||00e4abcd02cbc1cf77bfb9448e9835bf', '{"storage": "django.core.files.storage.FileSystemStorage", "name": "cache/d0/db/d0db9e039d415b1bf12b3a784cfaccca.jpg", "size": [180, 110]}'),
('sorl-thumbnail||image||01bb10926240a7504930b7ea366036cb', '{"storage": "django.core.files.storage.FileSystemStorage", "name": "branch/galery/cy_phototour01.jpg", "size": [610, 423]}'),
('sorl-thumbnail||image||03006e8ec45441829c90ada0f24268a5', '{"storage": "django.core.files.storage.FileSystemStorage", "name": "branch/logos/burger-king-logo.jpg", "size": [457, 471]}'),
('sorl-thumbnail||image||03f68e2e8c72a4a1d21d070740f41a10', '{"storage": "django.core.files.storage.FileSystemStorage", "name": "branch/galery/images_9.jpg", "size": [251, 200]}'),
('sorl-thumbnail||image||04701c85f55a3f92c68d0338587288f4', '{"storage": "django.core.files.storage.FileSystemStorage", "name": "branch/logos/GevaliaLogo_resized.jpg", "size": [150, 150]}'),
('sorl-thumbnail||image||05f3011ccf9de330a03d311cfaffe05b', '{"storage": "django.core.files.storage.FileSystemStorage", "name": "cache/5a/16/5a169264f8ebcee73bd7e8055245556b.jpg", "size": [210, 155]}'),
('sorl-thumbnail||image||076a49b755f963c81793b33ff699f6f2', '{"storage": "django.core.files.storage.FileSystemStorage", "name": "branch/logos/701010_Sports_Black.jpg", "size": [432, 216]}'),
('sorl-thumbnail||image||0814726c923df6e80862c27a0aa8a25b', '{"storage": "django.core.files.storage.FileSystemStorage", "name": "cache/4a/01/4a01b36d03cf6fb73e16320ae7d98dce.jpg", "size": [190, 110]}'),
('sorl-thumbnail||image||086ed454db277b496d3cd84301f23b30', '{"storage": "django.core.files.storage.FileSystemStorage", "name": "cache/25/13/251322cd2d1e8c5aa9e79fd9cc83f5c1.jpg", "size": [210, 155]}'),
('sorl-thumbnail||image||08d53bb917fc23d9230d6632bca4c549', '{"storage": "django.core.files.storage.FileSystemStorage", "name": "branch/logos/33962_425990057421250_360802343_n.jpg", "size": [250, 250]}'),
('sorl-thumbnail||image||095bd393e572bcf3999d455759b5476f', '{"storage": "django.core.files.storage.FileSystemStorage", "name": "cache/a3/c6/a3c671d435e3f2e71af3378141d9db69.jpg", "size": [210, 155]}'),
('sorl-thumbnail||image||0971ee6d746eec6138122dbbe32a97d4', '{"storage": "django.core.files.storage.FileSystemStorage", "name": "branch/logos/logo1.png", "size": [202, 128]}'),
('sorl-thumbnail||image||0b0e39223801f8e4c30373628d406d93', '{"storage": "django.core.files.storage.FileSystemStorage", "name": "branch/logos/Knights.gif", "size": [182, 160]}'),
('sorl-thumbnail||image||0b54a4ed0db32bc5e08b0b757903628e', '{"storage": "django.core.files.storage.FileSystemStorage", "name": "cache/1c/dd/1cddba601bd0553f3543039cb4239a22.jpg", "size": [190, 110]}'),
('sorl-thumbnail||image||0c5c6d66b4e1bd7e60c5a5e72969745c', '{"storage": "django.core.files.storage.FileSystemStorage", "name": "branch/galery/204093256gx1.jpg", "size": [380, 380]}'),
('sorl-thumbnail||image||0ed771059ba25aba42c49acfb26006fb', '{"storage": "django.core.files.storage.FileSystemStorage", "name": "branch/galery/images_13.jpg", "size": [259, 194]}'),
('sorl-thumbnail||image||0f9bf2236ea260b9dec4dbb10941e23f', '{"storage": "django.core.files.storage.FileSystemStorage", "name": "cache/b0/ee/b0ee11079f3ecfbd5957dbf1dc933ff4.jpg", "size": [210, 155]}'),
('sorl-thumbnail||image||0ff40e35e185b47fa28e503d1f84a3e8', '{"storage": "django.core.files.storage.FileSystemStorage", "name": "branch/galery/iphone.jpg", "size": [324, 243]}'),
('sorl-thumbnail||image||100f16ee417848f8c28bbc2fdf404fa3', '{"storage": "django.core.files.storage.FileSystemStorage", "name": "cache/4d/e8/4de85d71905ebc75be834ac304b84382.jpg", "size": [190, 110]}'),
('sorl-thumbnail||image||103195d57cb06f332d8fab5b36618daf', '{"storage": "django.core.files.storage.FileSystemStorage", "name": "branch/logos/ha.png", "size": [151, 150]}'),
('sorl-thumbnail||image||10e6315512163217dddd521a86ba9621', '{"storage": "django.core.files.storage.FileSystemStorage", "name": "cache/26/e6/26e63d3f5c45ed5b33d0c80b00deb5f4.jpg", "size": [190, 110]}'),
('sorl-thumbnail||image||1121bea3f40cba4489d625634cd00626', '{"storage": "django.core.files.storage.FileSystemStorage", "name": "branch/galery/02_4.jpg", "size": [300, 225]}'),
('sorl-thumbnail||image||116f7478dca4079fefab9e4806f94489', '{"storage": "django.core.files.storage.FileSystemStorage", "name": "cache/d9/03/d90356b4e5138e7bfca456a3c56d90cf.jpg", "size": [190, 110]}'),
('sorl-thumbnail||image||135a63dec0d760eb8570c372d2c25728', '{"storage": "django.core.files.storage.FileSystemStorage", "name": "cache/42/ac/42acaa401e7913dccd1bf46559ba405e.jpg", "size": [190, 110]}'),
('sorl-thumbnail||image||155a742d6618f97d610e5eb8ed8dc05f', '{"storage": "django.core.files.storage.FileSystemStorage", "name": "branch/galery/malta.jpg", "size": [100, 150]}'),
('sorl-thumbnail||image||15601f6ea79f0c4ff4e81f30d726070a', '{"storage": "django.core.files.storage.FileSystemStorage", "name": "branch/galery/102700431x.jpg", "size": [380, 380]}'),
('sorl-thumbnail||image||169428da6ace8a88ec8ff1a0313bb26c', '{"storage": "django.core.files.storage.FileSystemStorage", "name": "cache/8e/72/8e729d1cc887b4679aefaddd26772845.jpg", "size": [210, 155]}'),
('sorl-thumbnail||image||1734bf47eeb19d2bed139bb7ce581740', '{"storage": "django.core.files.storage.FileSystemStorage", "name": "branch/galery/cy_phototour07.jpg", "size": [610, 423]}'),
('sorl-thumbnail||image||18c856418e04a1857b3bfdd7b446225c', '{"storage": "django.core.files.storage.FileSystemStorage", "name": "branch/galery/2013-Ram-1500-front-view-off-roading_1.jpg", "size": [569, 355]}'),
('sorl-thumbnail||image||192cdf7d3d22f83994261df41821fe3c', '{"storage": "django.core.files.storage.FileSystemStorage", "name": "branch/galery/04_6.jpg", "size": [223, 314]}'),
('sorl-thumbnail||image||1a274d2c453ea66f6f1f6558d772ba11', '{"storage": "django.core.files.storage.FileSystemStorage", "name": "branch/logos/ford.jpg", "size": [150, 150]}'),
('sorl-thumbnail||image||1bab0eed0c17c4e115e948654aa404ba', '{"storage": "django.core.files.storage.FileSystemStorage", "name": "cache/b8/53/b85313f0e83fb964cc684a15f64e7e89.jpg", "size": [190, 110]}'),
('sorl-thumbnail||image||1d64b8beece0ea99e2dd5038a24ffa06', '{"storage": "django.core.files.storage.FileSystemStorage", "name": "branch/galery/701010_Sports_Black.jpg", "size": [432, 216]}'),
('sorl-thumbnail||image||1e082c06bca9843f7e6caba585520c7f', '{"storage": "django.core.files.storage.FileSystemStorage", "name": "cache/d1/69/d1690d6fbf9e40b86352016ae9c5840f.jpg", "size": [190, 110]}'),
('sorl-thumbnail||image||1e655096b3be0ccb7610507945a02a12', '{"storage": "django.core.files.storage.FileSystemStorage", "name": "branch/galery/2013-ram-1500_1.jpg", "size": [628, 420]}'),
('sorl-thumbnail||image||1fe0b199004525bd0b1c00e4be4ac5bc', '{"storage": "django.core.files.storage.FileSystemStorage", "name": "branch/galery/04_4.jpg", "size": [223, 314]}'),
('sorl-thumbnail||image||1fef422c57e79944333dba95c99fc52f', '{"storage": "django.core.files.storage.FileSystemStorage", "name": "cache/74/38/74380037f2c75500aeecf2ed36af7572.jpg", "size": [190, 110]}'),
('sorl-thumbnail||image||20932bde341a6f683a8f2eb7d7845815', '{"storage": "django.core.files.storage.FileSystemStorage", "name": "branch/galery/204007020x.jpg", "size": [380, 380]}'),
('sorl-thumbnail||image||209c7d7bd47d2aefcfdfefc402b5f810', '{"storage": "django.core.files.storage.FileSystemStorage", "name": "branch/galery/mzl.xvxarfpd.320x480-75.jpg", "size": [320, 480]}'),
('sorl-thumbnail||image||21b0e9d43875b987e23dbf70e3387bd8', '{"storage": "django.core.files.storage.FileSystemStorage", "name": "branch/galery/2013-ram-1500-46_800x0w.jpg", "size": [800, 533]}'),
('sorl-thumbnail||image||21dc2cc63507397857a5682cbe1f3387', '{"storage": "django.core.files.storage.FileSystemStorage", "name": "cache/06/13/061391f56ab399ca55211875d42a42e1.jpg", "size": [210, 155]}'),
('sorl-thumbnail||image||232cedfea76a159676b1c54c7cb0739e', '{"storage": "django.core.files.storage.FileSystemStorage", "name": "cache/f1/02/f10234ecb2bc3c4bb9e37c35bd1f29cd.jpg", "size": [190, 110]}'),
('sorl-thumbnail||image||2369ef933c44fceb420abb99ba6c2e53', '{"storage": "django.core.files.storage.FileSystemStorage", "name": "cache/be/46/be4681a76eac5453e8795a8a5fa91e88.jpg", "size": [210, 155]}'),
('sorl-thumbnail||image||23e122a82785e942fe7eae8274436833', '{"storage": "django.core.files.storage.FileSystemStorage", "name": "branch/logos/liverpool_d_20100629_112644.JPG", "size": [201, 201]}'),
('sorl-thumbnail||image||2451b19f3d815dcd8dae4734b4f7254c', '{"storage": "django.core.files.storage.FileSystemStorage", "name": "cache/1e/62/1e62276dde29906c01482499a44429c5.jpg", "size": [210, 155]}'),
('sorl-thumbnail||image||270ff9ee79933f365342e16eab41c5be', '{"storage": "django.core.files.storage.FileSystemStorage", "name": "branch/galery/products-medSazon.png", "size": [100, 150]}'),
('sorl-thumbnail||image||27fc7ac77c22822d7bacc7d0359ded06', '{"storage": "django.core.files.storage.FileSystemStorage", "name": "cache/19/7b/197b745a64d32e9b12ed0891ff77170f.jpg", "size": [210, 155]}'),
('sorl-thumbnail||image||2810deda0354dfeb9a61187605ed28aa', '{"storage": "django.core.files.storage.FileSystemStorage", "name": "branch/logos/GevaliaLogo-resized.png", "size": [278, 90]}'),
('sorl-thumbnail||image||2817bc040a007ea7226d120cc33e9489', '{"storage": "django.core.files.storage.FileSystemStorage", "name": "branch/logos/budweiser_3.png", "size": [154, 153]}'),
('sorl-thumbnail||image||2870eb09071787d0c730f527e69f4bb0', '{"storage": "django.core.files.storage.FileSystemStorage", "name": "branch/galery/71349837.jpg", "size": [324, 243]}'),
('sorl-thumbnail||image||2ab7e94049257a46e35ba659d0e33e59', '{"storage": "django.core.files.storage.FileSystemStorage", "name": "cache/18/8e/188e538f87a22dad17a6c28c431f89c3.jpg", "size": [190, 110]}'),
('sorl-thumbnail||image||2be0a4dff1dd282d9059b20b2075ee17', '{"storage": "django.core.files.storage.FileSystemStorage", "name": "cache/e5/e0/e5e0e1bb1830d0f7de4e23544e4aca5d.jpg", "size": [210, 155]}'),
('sorl-thumbnail||image||2c1fe6668f3a66fac7aad9aeeef362f2', '{"storage": "django.core.files.storage.FileSystemStorage", "name": "branch/logos/logo_2.png", "size": [200, 200]}'),
('sorl-thumbnail||image||2c6984ecd4c36c08c579169172366229', '{"storage": "django.core.files.storage.FileSystemStorage", "name": "branch/galery/04_1.jpg", "size": [223, 314]}'),
('sorl-thumbnail||image||2cccf847d1031307b15c2bcd361d110c', '{"storage": "django.core.files.storage.FileSystemStorage", "name": "branch/galery/cy_phototour03.jpg", "size": [610, 423]}'),
('sorl-thumbnail||image||2d86c67afa50f18b85aa7c427d4e7e15', '{"storage": "django.core.files.storage.FileSystemStorage", "name": "branch/galery/03_2.jpg", "size": [305, 363]}'),
('sorl-thumbnail||image||2d959958c158bcb87fd3a9b11d323744', '{"storage": "django.core.files.storage.FileSystemStorage", "name": "branch/galery/2013-ram-1500-34_800x0w.jpg", "size": [800, 533]}'),
('sorl-thumbnail||image||2da93b8127f425f468ec757f840e6539', '{"storage": "django.core.files.storage.FileSystemStorage", "name": "branch/logos/photo.jpg", "size": [116, 116]}'),
('sorl-thumbnail||image||2e80a60cf5f4e6fd8d25f9816032d61f', '{"storage": "django.core.files.storage.FileSystemStorage", "name": "cache/de/83/de83ca46b856b19a700d27d2af348d1f.jpg", "size": [190, 110]}'),
('sorl-thumbnail||image||2eba7bbde203e3ac9d9e940307522d54', '{"storage": "django.core.files.storage.FileSystemStorage", "name": "cache/e4/31/e431267614609f43dd16b505cf6ef3b1.jpg", "size": [190, 110]}'),
('sorl-thumbnail||image||2edd554246d304cc8ea34e1ac44987c8', '{"storage": "django.core.files.storage.FileSystemStorage", "name": "cache/0b/8d/0b8d3b8f246150a155841968e7c8ecd6.jpg", "size": [210, 155]}'),
('sorl-thumbnail||image||2f9085f5008f82888e16572aeb41b582', '{"storage": "django.core.files.storage.FileSystemStorage", "name": "cache/c6/0a/c60a27ae179e3ceb5a8aa51294df175e.jpg", "size": [210, 155]}'),
('sorl-thumbnail||image||3094d9f7b0df9bfe5a1b85568bd3c6a5', '{"storage": "django.core.files.storage.FileSystemStorage", "name": "cache/48/ce/48ce281f3e5e8935dc6cb107afeb94d4.jpg", "size": [190, 110]}'),
('sorl-thumbnail||image||30f18611a7bc4dc0f9f6698d58d02549', '{"storage": "django.core.files.storage.FileSystemStorage", "name": "cache/aa/9c/aa9c7f85b7f22dbeb3c63613aba0438c.jpg", "size": [190, 110]}'),
('sorl-thumbnail||image||318a120ef0b45840a8ed22fcbed9bc45', '{"storage": "django.core.files.storage.FileSystemStorage", "name": "branch/galery/148831_10151070511066500_1198371761_n.jpg", "size": [851, 315]}'),
('sorl-thumbnail||image||32532de5c14135258736aeb9b80161ac', '{"storage": "django.core.files.storage.FileSystemStorage", "name": "cache/89/84/89842cba79870dac4916d67d95679442.jpg", "size": [210, 155]}'),
('sorl-thumbnail||image||3294659ff3573cc6ebff8b6f4b267023', '{"storage": "django.core.files.storage.FileSystemStorage", "name": "cache/51/fa/51faf02005343eef43b5e011cffa4276.jpg", "size": [210, 155]}'),
('sorl-thumbnail||image||3372e4c0aa4608fa97f17598566ff34d', '{"storage": "django.core.files.storage.FileSystemStorage", "name": "branch/galery/images_11.jpg", "size": [287, 176]}'),
('sorl-thumbnail||image||33831ae965d51babc3d96ec3a6d4deb9', '{"storage": "django.core.files.storage.FileSystemStorage", "name": "cache/ee/53/ee53c9e06ebc906223bcfe206d7b6693.jpg", "size": [210, 155]}'),
('sorl-thumbnail||image||347c42023a571467d09559209c0c1b88', '{"storage": "django.core.files.storage.FileSystemStorage", "name": "branch/galery/04.jpg", "size": [223, 314]}'),
('sorl-thumbnail||image||372854bc72e2035140d34b6fa3e5fc68', '{"storage": "django.core.files.storage.FileSystemStorage", "name": "cache/dc/c4/dcc4e306c8c7bdecdab4e73c53352aff.jpg", "size": [210, 155]}'),
('sorl-thumbnail||image||38570e347c56c2c30c6cd9429ad6a1d3', '{"storage": "django.core.files.storage.FileSystemStorage", "name": "cache/22/78/2278dfdda0e887729a3f68025a4789ba.jpg", "size": [190, 110]}'),
('sorl-thumbnail||image||3aaccdb9c6566b57f13c7f6bb54471d3', '{"storage": "django.core.files.storage.FileSystemStorage", "name": "cache/44/f7/44f76d8224c60831e1646591c2933b7b.jpg", "size": [210, 155]}'),
('sorl-thumbnail||image||3ac35f67a66fac3c3ea81fee674ae04d', '{"storage": "django.core.files.storage.FileSystemStorage", "name": "branch/logos/Starbucks_Logo_1.jpg", "size": [200, 200]}'),
('sorl-thumbnail||image||3d2f8de20d35ca92a1c683bf6d8bdb24', '{"storage": "django.core.files.storage.FileSystemStorage", "name": "branch/logos/Starbucks_Logo_6.jpg", "size": [200, 200]}'),
('sorl-thumbnail||image||3e53e2a092415e5baa0a49136da79605', '{"storage": "django.core.files.storage.FileSystemStorage", "name": "branch/galery/03_7.jpg", "size": [305, 363]}'),
('sorl-thumbnail||image||3e9138834d1947d0f395d9269b4d3f0f', '{"storage": "django.core.files.storage.FileSystemStorage", "name": "branch/galery/products-medVirginOil.png", "size": [100, 150]}'),
('sorl-thumbnail||image||3ed215ed3f6862abbd0094e1e32118b0', '{"storage": "django.core.files.storage.FileSystemStorage", "name": "branch/logos/mcdonalds_logo_copy.jpg", "size": [150, 150]}'),
('sorl-thumbnail||image||3ef753ac547ce1fecd6748ef5988356f', '{"storage": "django.core.files.storage.FileSystemStorage", "name": "cache/fe/56/fe561abf4eed6aff296a1e65dca37e9e.jpg", "size": [210, 155]}'),
('sorl-thumbnail||image||3f0f91072c68384fc08b5cf1fb92482e', '{"storage": "django.core.files.storage.FileSystemStorage", "name": "cache/36/8b/368b6385e09407f8b07c3066d60d6201.jpg", "size": [210, 155]}'),
('sorl-thumbnail||image||3f24a4ac34fc2084623852cd88ddb81a', '{"storage": "django.core.files.storage.FileSystemStorage", "name": "cache/42/9f/429f7ec5f9b213b49fa03af638cde57c.jpg", "size": [190, 110]}'),
('sorl-thumbnail||image||400e9b2018e8434bef705814092ca576', '{"storage": "django.core.files.storage.FileSystemStorage", "name": "branch/galery/03_1.jpg", "size": [305, 363]}'),
('sorl-thumbnail||image||4133f8f6808521ab4ceffc7fa8590f19', '{"storage": "django.core.files.storage.FileSystemStorage", "name": "cache/08/d3/08d39da0e87030959a7ed3cda9fe6fca.jpg", "size": [210, 155]}'),
('sorl-thumbnail||image||4140795470a39795b29f819ebadc7946', '{"storage": "django.core.files.storage.FileSystemStorage", "name": "cache/57/b7/57b7593c9a36d13aa4dc4a1660a9c5fa.jpg", "size": [190, 110]}'),
('sorl-thumbnail||image||422fc3d8f65f29fb7103c12fa562f341', '{"storage": "django.core.files.storage.FileSystemStorage", "name": "cache/9d/bf/9dbfa264b1e0d8abbe5b3d98ff826ce3.jpg", "size": [210, 155]}'),
('sorl-thumbnail||image||4353c88768da9e534b5ac7d867e32cba', '{"storage": "django.core.files.storage.FileSystemStorage", "name": "branch/galery/03_3.jpg", "size": [305, 363]}'),
('sorl-thumbnail||image||437af70f89db3354e5cf738e7ed35877', '{"storage": "django.core.files.storage.FileSystemStorage", "name": "branch/logos/Starbucks_Logo_4.jpg", "size": [200, 200]}'),
('sorl-thumbnail||image||438f57d7fe3f04fef360a77de0f05ddc', '{"storage": "django.core.files.storage.FileSystemStorage", "name": "cache/c6/b8/c6b89608fb81e5e58543b4e07d37af4d.jpg", "size": [190, 110]}'),
('sorl-thumbnail||image||43a0ba79485287bbce28399f520f5c5c', '{"storage": "django.core.files.storage.FileSystemStorage", "name": "cache/90/cd/90cd12ee5a3ae83e4eb8e5be1074be0a.jpg", "size": [210, 155]}'),
('sorl-thumbnail||image||43e7de8c34cf1cccb5444006e01cf320', '{"storage": "django.core.files.storage.FileSystemStorage", "name": "cache/ee/94/ee949c1a03467a5fc936a44360ee1b09.jpg", "size": [180, 110]}'),
('sorl-thumbnail||image||4469a46678164de62956462979f7a4db', '{"storage": "django.core.files.storage.FileSystemStorage", "name": "branch/logos/Knights_1.png", "size": [154, 153]}'),
('sorl-thumbnail||image||44cf500235a9ffcb0cbdd4b93aa9745a', '{"storage": "django.core.files.storage.FileSystemStorage", "name": "branch/galery/04_5.jpg", "size": [223, 314]}'),
('sorl-thumbnail||image||45bdb681bcd37153cd3b00d563242eca', '{"storage": "django.core.files.storage.FileSystemStorage", "name": "branch/logos/logo_sm_1.gif", "size": [180, 180]}'),
('sorl-thumbnail||image||47682f67c08a65a769f1ab133f04f730', '{"storage": "django.core.files.storage.FileSystemStorage", "name": "cache/57/55/575529a07e3fe7425d116f343aeb5edc.jpg", "size": [190, 110]}'),
('sorl-thumbnail||image||484f96347a3373c0638962f9d7d30635', '{"storage": "django.core.files.storage.FileSystemStorage", "name": "cache/76/52/76527b6bf529faab539ba1cf96dfabfd.jpg", "size": [190, 110]}'),
('sorl-thumbnail||image||486d49b2ebdce94b91bdfc5a90b23027', '{"storage": "django.core.files.storage.FileSystemStorage", "name": "branch/galery/2013-Dodge-Ram-1500-Front-View-Ad-Still2-623x373_1.jpg", "size": [623, 373]}'),
('sorl-thumbnail||image||488bcb43bb28356aa5f95dd2db2e43ab', '{"storage": "django.core.files.storage.FileSystemStorage", "name": "cache/0f/b7/0fb7bce8feb07b69384f788726a0cc71.jpg", "size": [190, 110]}'),
('sorl-thumbnail||image||49400e354af71182a907195b4590eb22', '{"storage": "django.core.files.storage.FileSystemStorage", "name": "cache/15/35/15357fc24ff50b4d38e47bfc4239cf47.jpg", "size": [190, 110]}'),
('sorl-thumbnail||image||4a132c8d60267652a43ac2634b18daa2', '{"storage": "django.core.files.storage.FileSystemStorage", "name": "cache/37/01/370185393435a1ba9d9f241e0021d65a.jpg", "size": [190, 110]}'),
('sorl-thumbnail||image||4a8ccc8d5f96269d05a4d2dc6d806448', '{"storage": "django.core.files.storage.FileSystemStorage", "name": "branch/logos/Knights.png", "size": [154, 153]}'),
('sorl-thumbnail||image||4b5c0f6df23f4d232db4d0be33cc9357', '{"storage": "django.core.files.storage.FileSystemStorage", "name": "cache/d5/12/d5128acf4ffb5c5e4e9eff213db80d53.jpg", "size": [210, 155]}'),
('sorl-thumbnail||image||4b7460311f74c2093cf2305da6704ac4', '{"storage": "django.core.files.storage.FileSystemStorage", "name": "cache/b8/f2/b8f2322bb1f5020546f92daea33f89be.jpg", "size": [190, 110]}'),
('sorl-thumbnail||image||4bde9fbf10df3ad5d2f13f3d980cea5b', '{"storage": "django.core.files.storage.FileSystemStorage", "name": "branch/galery/01_2.jpg", "size": [207, 139]}'),
('sorl-thumbnail||image||4ce74e9356c318bad2521caf10f401a8', '{"storage": "django.core.files.storage.FileSystemStorage", "name": "cache/ec/24/ec241743a55a4eed9f43d4013a61361e.jpg", "size": [190, 110]}'),
('sorl-thumbnail||image||4d9e4d6fe83655c3a86e2ea558b72f44', '{"storage": "django.core.files.storage.FileSystemStorage", "name": "branch/galery/ha.jpg", "size": [403, 529]}'),
('sorl-thumbnail||image||4dd0d4ff7ff8c812d8935056e6f05fe8', '{"storage": "django.core.files.storage.FileSystemStorage", "name": "cache/5e/fa/5efa9a8440ce377cf66b5491319ae6d4.jpg", "size": [180, 110]}'),
('sorl-thumbnail||image||4ed57d67441ead3845d0003489e8c59f', '{"storage": "django.core.files.storage.FileSystemStorage", "name": "branch/logos/logo1_3.png", "size": [141, 141]}'),
('sorl-thumbnail||image||500d753dc3bd606830544b6e86a0fff2', '{"storage": "django.core.files.storage.FileSystemStorage", "name": "cache/6f/57/6f57e16b20f083f39540736c73966116.jpg", "size": [190, 110]}'),
('sorl-thumbnail||image||51e058088e4b136ade95e37404d65262', '{"storage": "django.core.files.storage.FileSystemStorage", "name": "branch/galery/2013-ram-1500-34_800x0w_1.jpg", "size": [800, 533]}'),
('sorl-thumbnail||image||525817f238f0b32a27a572a10551c051', '{"storage": "django.core.files.storage.FileSystemStorage", "name": "cache/e8/a1/e8a15cef2dea5a05fe8dbae46e0bd5cc.jpg", "size": [190, 110]}'),
('sorl-thumbnail||image||52ea60737808a94f891bd100f9739862', '{"storage": "django.core.files.storage.FileSystemStorage", "name": "cache/5a/bf/5abf881c7d7a7306b7cfc11f6d57eb0f.jpg", "size": [210, 155]}'),
('sorl-thumbnail||image||53a1dc350c70e7eb4b4028cbe6877d41', '{"storage": "django.core.files.storage.FileSystemStorage", "name": "branch/logos/Starbucks_Logo_7.jpg", "size": [200, 200]}'),
('sorl-thumbnail||image||54a1e0b0448380942a6616a68a487315', '{"storage": "django.core.files.storage.FileSystemStorage", "name": "cache/1d/13/1d130fe889229d4cfb13a674030e5b99.jpg", "size": [190, 110]}'),
('sorl-thumbnail||image||54f54d5b8ddde208dd7eb7ab12d2a33d', '{"storage": "django.core.files.storage.FileSystemStorage", "name": "cache/74/5e/745ea23fba810465e5e5783d885ac6a3.jpg", "size": [210, 155]}'),
('sorl-thumbnail||image||5503ae85779552b3434894a424079e9a', '{"storage": "django.core.files.storage.FileSystemStorage", "name": "cache/7d/be/7dbeab09db5208ad0a5e94c7fc5ef2d8.jpg", "size": [190, 110]}'),
('sorl-thumbnail||image||55c767a91ad02fb390c8495147077f43', '{"storage": "django.core.files.storage.FileSystemStorage", "name": "branch/galery/1009098328.jpg", "size": [324, 243]}'),
('sorl-thumbnail||image||568dea1023f42af3252aca38ff4f9c09', '{"storage": "django.core.files.storage.FileSystemStorage", "name": "cache/03/0a/030a905fe532f15bc61092f93263a440.jpg", "size": [210, 155]}'),
('sorl-thumbnail||image||573b5409a09b35dc5e654cc14bbeef53', '{"storage": "django.core.files.storage.FileSystemStorage", "name": "branch/galery/03.jpg", "size": [305, 363]}'),
('sorl-thumbnail||image||581942a494efb34ab02672cf18ff3d6d', '{"storage": "django.core.files.storage.FileSystemStorage", "name": "cache/f5/dd/f5dd096b7328296e701511468d4c95b8.jpg", "size": [180, 110]}'),
('sorl-thumbnail||image||5aef5b80d9c2bd2f11652fd4c40de721', '{"storage": "django.core.files.storage.FileSystemStorage", "name": "cache/95/c2/95c227c305045e2c3482368d2c01946d.jpg", "size": [190, 110]}'),
('sorl-thumbnail||image||5b6f73a0e2f071d6096fe3909c65c60a', '{"storage": "django.core.files.storage.FileSystemStorage", "name": "cache/5e/1a/5e1a86dbfd9ab1503219a10973f941da.jpg", "size": [190, 110]}'),
('sorl-thumbnail||image||5b9d2f2e0eb79d5cadc10b3dbe8913c4', '{"storage": "django.core.files.storage.FileSystemStorage", "name": "cache/ff/60/ff605bc3a749c30fe303642a5cadb680.jpg", "size": [190, 110]}'),
('sorl-thumbnail||image||5c5370445e6c033a2f38932695e99aab', '{"storage": "django.core.files.storage.FileSystemStorage", "name": "cache/b6/36/b6361246e258c940eac9d7ca2ab8344a.jpg", "size": [210, 155]}'),
('sorl-thumbnail||image||5c58527950ecd0866e2c47397b1bf0fb', '{"storage": "django.core.files.storage.FileSystemStorage", "name": "cache/c3/c8/c3c8431277848879bbea938df4456d49.jpg", "size": [210, 155]}'),
('sorl-thumbnail||image||5d3bcb3d3c97b8bfda34e471f62caa29', '{"storage": "django.core.files.storage.FileSystemStorage", "name": "cache/1c/43/1c4348bc3c8848d656f448d62aae903a.jpg", "size": [190, 110]}'),
('sorl-thumbnail||image||5e0d81935e5ef9e21b25ef7282216a9e', '{"storage": "django.core.files.storage.FileSystemStorage", "name": "cache/32/69/32699b14fb241ae648c10ea00f121757.jpg", "size": [190, 110]}'),
('sorl-thumbnail||image||5e643eb2d920db1d7acc7c449108e239', '{"storage": "django.core.files.storage.FileSystemStorage", "name": "cache/9c/c0/9cc0c5ba61cccb46e2ab57677291d8a9.jpg", "size": [190, 110]}'),
('sorl-thumbnail||image||5f7b5163c486210e9636c0657bdbc70e', '{"storage": "django.core.files.storage.FileSystemStorage", "name": "branch/galery/01_5.jpg", "size": [207, 139]}'),
('sorl-thumbnail||image||600226ebf74ef79f123c4a040a50c76f', '{"storage": "django.core.files.storage.FileSystemStorage", "name": "cache/c2/e1/c2e10921fe701c46e71ad3cedf9fb196.jpg", "size": [210, 155]}'),
('sorl-thumbnail||image||61b28eddc3cdf692fc40df12ca994df3', '{"storage": "django.core.files.storage.FileSystemStorage", "name": "cache/5c/d8/5cd8625c6d53a88993cd37eeca8ed258.jpg", "size": [210, 155]}'),
('sorl-thumbnail||image||62f730544c1534b6a5846f670a1276db', '{"storage": "django.core.files.storage.FileSystemStorage", "name": "branch/logos/oreo_bite.jpg", "size": [300, 308]}'),
('sorl-thumbnail||image||63043726cdd768cff22c464d221bf243', '{"storage": "django.core.files.storage.FileSystemStorage", "name": "branch/logos/311207_10151085663401500_1635476354_n.jpg", "size": [403, 584]}'),
('sorl-thumbnail||image||63c988b9319a3c04cb1091ce197ccef3', '{"storage": "django.core.files.storage.FileSystemStorage", "name": "branch/galery/01_7.jpg", "size": [207, 139]}'),
('sorl-thumbnail||image||63ff3601b7b970663bae7ac6bd7e273b', '{"storage": "django.core.files.storage.FileSystemStorage", "name": "branch/logos/Hallmark-Logo_1.png", "size": [2076, 788]}'),
('sorl-thumbnail||image||64c26f199f83091eba7616a800c15572', '{"storage": "django.core.files.storage.FileSystemStorage", "name": "cache/53/f1/53f18e4bbd443e0eaa08cce94c313c21.jpg", "size": [210, 155]}'),
('sorl-thumbnail||image||666581c966f37ee3833c049a8246926c', '{"storage": "django.core.files.storage.FileSystemStorage", "name": "branch/galery/images_6.jpg", "size": [259, 194]}'),
('sorl-thumbnail||image||673e93206e7ded1ae706fdda103281d6', '{"storage": "django.core.files.storage.FileSystemStorage", "name": "cache/17/45/1745ce6c43a3ae574c76e308fce96588.jpg", "size": [210, 155]}'),
('sorl-thumbnail||image||6747b2ec415a4ec3b462ab67a30fe8ab', '{"storage": "django.core.files.storage.FileSystemStorage", "name": "cache/75/62/75620e08a3540bde0eac0f688358661a.jpg", "size": [190, 110]}'),
('sorl-thumbnail||image||67d4c40c5578b9b1a128aafa7780f179', '{"storage": "django.core.files.storage.FileSystemStorage", "name": "cache/c5/25/c525debb5bd7753d7e0281cd7de5a75d.jpg", "size": [210, 155]}'),
('sorl-thumbnail||image||68d924dec9ac4199b00f9d208d4689e2', '{"storage": "django.core.files.storage.FileSystemStorage", "name": "cache/95/41/954125df74709bb80fe9b98f971c6cb2.jpg", "size": [210, 155]}'),
('sorl-thumbnail||image||6a0ad05d96397dc07fc2bdf4c05795ee', '{"storage": "django.core.files.storage.FileSystemStorage", "name": "branch/logos/Sem_t\\u00edtulo-1_2.jpg", "size": [212, 158]}'),
('sorl-thumbnail||image||6a5379e00e1c3efd2e7ca4eaec2d86d9', '{"storage": "django.core.files.storage.FileSystemStorage", "name": "cache/5a/a1/5aa1984e7c30f129cdcde1f4ca785ffe.jpg", "size": [190, 110]}'),
('sorl-thumbnail||image||6cb0aaca506337c9eb198b37eda10bf5', '{"storage": "django.core.files.storage.FileSystemStorage", "name": "branch/logos/hospital_angeles.png", "size": [152, 152]}'),
('sorl-thumbnail||image||6d6abf4a9eaf5452dc1c59ccca40caa4', '{"storage": "django.core.files.storage.FileSystemStorage", "name": "cache/10/94/1094ee27e3fbc3022d804f4882a56488.jpg", "size": [190, 110]}'),
('sorl-thumbnail||image||6dce76e314389439c434c66225a042e0', '{"storage": "django.core.files.storage.FileSystemStorage", "name": "branch/galery/02_2.jpg", "size": [300, 225]}'),
('sorl-thumbnail||image||6e3c1b5227789ad8d3543f1c108dc2c7', '{"storage": "django.core.files.storage.FileSystemStorage", "name": "cache/d0/59/d0597692af53c6c7e794f0341a73ebe2.jpg", "size": [190, 110]}'),
('sorl-thumbnail||image||6e43709a9ac48ab58c4a6821552509ff', '{"storage": "django.core.files.storage.FileSystemStorage", "name": "cache/46/85/4685079f8e56e1b68f8e821bcee03b33.jpg", "size": [180, 110]}'),
('sorl-thumbnail||image||6fe5aed077e400e5f123dfe80b37287a', '{"storage": "django.core.files.storage.FileSystemStorage", "name": "branch/galery/580790_428619710530683_848138106_n.jpg", "size": [253, 199]}'),
('sorl-thumbnail||image||708eb87bc37eb2707a3a6d40d23a0bc7', '{"storage": "django.core.files.storage.FileSystemStorage", "name": "cache/e9/f5/e9f533cd7d258cf389019c608522e353.jpg", "size": [190, 110]}'),
('sorl-thumbnail||image||734b117691c7f6d85a7d14e4a4faef0f', '{"storage": "django.core.files.storage.FileSystemStorage", "name": "branch/galery/02_5.jpg", "size": [300, 225]}'),
('sorl-thumbnail||image||7380e78876eb1f70dfd4b3fbbd359d7a', '{"storage": "django.core.files.storage.FileSystemStorage", "name": "cache/8f/85/8f85d0c448a4b7dd7a62ba011627760b.jpg", "size": [190, 110]}'),
('sorl-thumbnail||image||7450d9ec9a40a78c34e301e337ce135d', '{"storage": "django.core.files.storage.FileSystemStorage", "name": "cache/14/a4/14a480759b910efca844cc5fc401d969.jpg", "size": [210, 155]}'),
('sorl-thumbnail||image||74b7b686981e6569fd504c1a9c69257f', '{"storage": "django.core.files.storage.FileSystemStorage", "name": "cache/13/ec/13ec6a36558f6c304e7b41447aa954e7.jpg", "size": [190, 110]}'),
('sorl-thumbnail||image||75210302dcda2fdc0552d69e130a6f89', '{"storage": "django.core.files.storage.FileSystemStorage", "name": "branch/logos/logo1_2.png", "size": [141, 141]}'),
('sorl-thumbnail||image||76eb318c1f1ee04479ee35b6376fbcbc', '{"storage": "django.core.files.storage.FileSystemStorage", "name": "branch/galery/04_7.jpg", "size": [223, 314]}'),
('sorl-thumbnail||image||7796e1c50704efc3113b84392afc2374', '{"storage": "django.core.files.storage.FileSystemStorage", "name": "branch/logos/logo1_4.png", "size": [141, 141]}'),
('sorl-thumbnail||image||79b262e56a0d8d2648bbefd10e5b38b3', '{"storage": "django.core.files.storage.FileSystemStorage", "name": "branch/logos/bluematrixcode3-268120_1.jpeg", "size": [1920, 1080]}'),
('sorl-thumbnail||image||7ca0bdef57ab5541c15f7b3ae91afdb5', '{"storage": "django.core.files.storage.FileSystemStorage", "name": "cache/99/de/99de0ec3154406dd4b0765e9422ab4ca.jpg", "size": [210, 155]}'),
('sorl-thumbnail||image||7d7db25fd59428b926b8631f1d41f101', '{"storage": "django.core.files.storage.FileSystemStorage", "name": "cache/ee/0d/ee0d0c238ff3df207de6df6d967fa834.jpg", "size": [190, 110]}'),
('sorl-thumbnail||image||8038f9e2fc07a79f96c09e20a0a2dd24', '{"storage": "django.core.files.storage.FileSystemStorage", "name": "cache/58/e0/58e07e5242a31c4c303ae8e6b0c48424.jpg", "size": [210, 155]}'),
('sorl-thumbnail||image||809b5c8ca340c6d9767acca32c1b8dd9', '{"storage": "django.core.files.storage.FileSystemStorage", "name": "branch/galery/02_1.jpg", "size": [300, 225]}'),
('sorl-thumbnail||image||80b90bdeb27afe88cfaaca915f9d104b', '{"storage": "django.core.files.storage.FileSystemStorage", "name": "branch/logos/Hallmark_logo.jpg", "size": [400, 400]}'),
('sorl-thumbnail||image||80bb0842f19856381125ea493ff6123e', '{"storage": "django.core.files.storage.FileSystemStorage", "name": "branch/galery/02_6.jpg", "size": [300, 225]}'),
('sorl-thumbnail||image||80e0bd80f0b2e93bfbc782c52f25da83', '{"storage": "django.core.files.storage.FileSystemStorage", "name": "cache/95/b2/95b25af1652b1930169e726eb3340048.jpg", "size": [210, 155]}'),
('sorl-thumbnail||image||810ee3354abddb81374b4769ce97f710', '{"storage": "django.core.files.storage.FileSystemStorage", "name": "branch/galery/images_10.jpg", "size": [276, 183]}'),
('sorl-thumbnail||image||813372ac937dd81882e7e2c4247bf286', '{"storage": "django.core.files.storage.FileSystemStorage", "name": "branch/logos/walgreens-logo1-210x155.png", "size": [262, 52]}'),
('sorl-thumbnail||image||81d2d2b19a1865a0fe1019ef12a3ed08', '{"storage": "django.core.files.storage.FileSystemStorage", "name": "branch/galery/2013-ram-1500-46_800x0w_1.jpg", "size": [800, 533]}'),
('sorl-thumbnail||image||81fefb3c86fb26f54ebc2df6299f1783', '{"storage": "django.core.files.storage.FileSystemStorage", "name": "cache/83/a5/83a58744b71af1fa384dabf42826cb51.jpg", "size": [190, 110]}'),
('sorl-thumbnail||image||828bf511ad1a93adf905927f1b162217', '{"storage": "django.core.files.storage.FileSystemStorage", "name": "cache/33/eb/33eb4758172f198321cd92435271d738.jpg", "size": [210, 155]}'),
('sorl-thumbnail||image||82dfd441ec0ad4de090ec2a79313e27e', '{"storage": "django.core.files.storage.FileSystemStorage", "name": "cache/03/91/03918db51e3ba57f2017cc49e34930b3.jpg", "size": [190, 110]}'),
('sorl-thumbnail||image||835b9729ccf509b70a4ff0113f5ca905', '{"storage": "django.core.files.storage.FileSystemStorage", "name": "branch/galery/2013-Ram-1500-front-view-off-roading.jpg", "size": [569, 355]}'),
('sorl-thumbnail||image||835cb59f998da3e17f8926929581b547', '{"storage": "django.core.files.storage.FileSystemStorage", "name": "cache/4d/b6/4db6283b724c989c458d399d6053d70f.jpg", "size": [210, 155]}'),
('sorl-thumbnail||image||840f36a6521d2d37e0bde500e7bb62de', '{"storage": "django.core.files.storage.FileSystemStorage", "name": "cache/dc/9c/dc9c4a954a0b8d3e0e8331dbbeae8e6b.jpg", "size": [190, 110]}'),
('sorl-thumbnail||image||85e0c4f93b38d4659347a10097855073', '{"storage": "django.core.files.storage.FileSystemStorage", "name": "branch/galery/Walgreens-Photo-Logo.png", "size": [329, 450]}'),
('sorl-thumbnail||image||86dd61834cab79572fece291048d6cce', '{"storage": "django.core.files.storage.FileSystemStorage", "name": "branch/logos/Sem_t\\u00edtulo-2.png", "size": [523, 423]}'),
('sorl-thumbnail||image||8770b4c09ae8fd3db1043f2c701fb0cc', '{"storage": "django.core.files.storage.FileSystemStorage", "name": "cache/5c/ce/5cce750b88b3079d328cdc53c80e68ce.jpg", "size": [190, 110]}'),
('sorl-thumbnail||image||878ba424b8fab3e73e0e763d186a5402', '{"storage": "django.core.files.storage.FileSystemStorage", "name": "branch/galery/04_2.jpg", "size": [223, 314]}'),
('sorl-thumbnail||image||87936de72992c19f334ee2c6fcc02fa8', '{"storage": "django.core.files.storage.FileSystemStorage", "name": "branch/galery/01_4.jpg", "size": [207, 139]}'),
('sorl-thumbnail||image||88eae3b41e64b95b0a1fa96c17b2f832', '{"storage": "django.core.files.storage.FileSystemStorage", "name": "cache/10/a5/10a52a453bdbb61ffb73f0b81e9aee5c.jpg", "size": [210, 155]}'),
('sorl-thumbnail||image||899d5b97839b8390729f3cc239d7b229', '{"storage": "django.core.files.storage.FileSystemStorage", "name": "cache/c7/34/c734eff1f38682990181fb464a66eb30.jpg", "size": [210, 155]}'),
('sorl-thumbnail||image||8a21bf98d0834ef6c8a1e7e6ac770c68', '{"storage": "django.core.files.storage.FileSystemStorage", "name": "cache/1e/f5/1ef51e17c5958f66b66c27298be125d1.jpg", "size": [190, 110]}'),
('sorl-thumbnail||image||8ae5adfd663894b0c6379b8d90e168c4', '{"storage": "django.core.files.storage.FileSystemStorage", "name": "cache/4b/20/4b2035844e80c0ee9cdbe1232c75a5a4.jpg", "size": [210, 155]}'),
('sorl-thumbnail||image||8bcd118cd8548b1a1a0bbbb3fb5ac9bf', '{"storage": "django.core.files.storage.FileSystemStorage", "name": "branch/galery/coco_milk.jpg", "size": [100, 150]}'),
('sorl-thumbnail||image||8bdd5b89fcd0e5aca576bee877c7a750', '{"storage": "django.core.files.storage.FileSystemStorage", "name": "branch/galery/63752231.jpg", "size": [324, 243]}'),
('sorl-thumbnail||image||8c78e5e0ebc66066dc0808ca92b1d8b5', '{"storage": "django.core.files.storage.FileSystemStorage", "name": "branch/galery/01_1.jpg", "size": [207, 139]}'),
('sorl-thumbnail||image||8d8bc08a217ce5bd0c2c54bec0f640cc', '{"storage": "django.core.files.storage.FileSystemStorage", "name": "branch/galery/products-medManzanillaOlive.png", "size": [100, 150]}'),
('sorl-thumbnail||image||8e698b5ca3eba2a9391d4a2e44732b82', '{"storage": "django.core.files.storage.FileSystemStorage", "name": "cache/da/44/da44b194e95e74b599da59109fc43100.jpg", "size": [210, 155]}'),
('sorl-thumbnail||image||8f118fe928554051b22095d8c5096058', '{"storage": "django.core.files.storage.FileSystemStorage", "name": "branch/logos/logo1_1.png", "size": [163, 104]}'),
('sorl-thumbnail||image||8f928cda1cada9a663790438979737cd', '{"storage": "django.core.files.storage.FileSystemStorage", "name": "branch/logos/budweiser.png", "size": [154, 153]}'),
('sorl-thumbnail||image||90a63156d4a5c7544e78bcf5f8e25f1d', '{"storage": "django.core.files.storage.FileSystemStorage", "name": "cache/d1/35/d1358426da894c7f4912ab49556edc36.jpg", "size": [190, 110]}'),
('sorl-thumbnail||image||90f2030f51015af6b9a3f81fa37cdf8b', '{"storage": "django.core.files.storage.FileSystemStorage", "name": "cache/9f/03/9f03039026837b26cdb2f7dd60d95063.jpg", "size": [190, 110]}'),
('sorl-thumbnail||image||9188b2f35165f72390d9e3478429b651', '{"storage": "django.core.files.storage.FileSystemStorage", "name": "cache/0a/b3/0ab3f94af738127521078a22083eeaa3.jpg", "size": [190, 110]}'),
('sorl-thumbnail||image||9210da67cb3645ca5b3bbdc909f0425e', '{"storage": "django.core.files.storage.FileSystemStorage", "name": "cache/b0/d3/b0d3a89ab8937ef9a0c0d6a9e0fb32c5.jpg", "size": [180, 110]}'),
('sorl-thumbnail||image||92328587ff1aeed7c12654d1462f825c', '{"storage": "django.core.files.storage.FileSystemStorage", "name": "cache/b0/8b/b08bee6ff2d47685a1d74dd050ce96d3.jpg", "size": [210, 155]}'),
('sorl-thumbnail||image||92da354b42c10e766d05b2df8dcc1cb3', '{"storage": "django.core.files.storage.FileSystemStorage", "name": "branch/galery/ramtrucks_googleplus_profilebanner_v1_1.jpg", "size": [940, 180]}'),
('sorl-thumbnail||image||9377f1469a3bfd6ed2e8d2fa00431f6e', '{"storage": "django.core.files.storage.FileSystemStorage", "name": "cache/9c/6c/9c6c5f819df7ad32c11ac9a1664f3671.jpg", "size": [190, 110]}'),
('sorl-thumbnail||image||93d72ad0e99b6e4ff812bddad2d84217', '{"storage": "django.core.files.storage.FileSystemStorage", "name": "cache/b0/84/b08464b8589d216508ce2306170fac6a.jpg", "size": [190, 110]}'),
('sorl-thumbnail||image||943da4de22aee1d9576d0e8a7cd4a4b0', '{"storage": "django.core.files.storage.FileSystemStorage", "name": "cache/6c/26/6c26ed3e3289739de1e60b19fdb58213.jpg", "size": [190, 110]}'),
('sorl-thumbnail||image||94fd95bb554d736b175606330a8178df', '{"storage": "django.core.files.storage.FileSystemStorage", "name": "branch/galery/Hallmark_logo.jpg", "size": [400, 400]}'),
('sorl-thumbnail||image||9549e18dae9dd30836528e05654b1ce6', '{"storage": "django.core.files.storage.FileSystemStorage", "name": "branch/logos/Starbucks_Logo_3.jpg", "size": [200, 200]}'),
('sorl-thumbnail||image||9684447179e22c76bbcc7d1aa0715d07', '{"storage": "django.core.files.storage.FileSystemStorage", "name": "cache/64/4e/644ebb11a8edb95e145a0507b7d0089e.jpg", "size": [210, 155]}'),
('sorl-thumbnail||image||9723caa7f8dcb794620398f661adc056', '{"storage": "django.core.files.storage.FileSystemStorage", "name": "branch/logos/bluematrixcode3-268120_2.jpeg", "size": [1920, 1080]}'),
('sorl-thumbnail||image||9736fa150a83924923980f2e63f656c0', '{"storage": "django.core.files.storage.FileSystemStorage", "name": "cache/4a/52/4a52e6a568e453750ec7c21803c3e7f7.jpg", "size": [210, 155]}'),
('sorl-thumbnail||image||97b29f520d405e42c7c798048c813d39', '{"storage": "django.core.files.storage.FileSystemStorage", "name": "cache/c7/cb/c7cb0e16b96ac3b3fda0a06dbfed8132.jpg", "size": [190, 110]}'),
('sorl-thumbnail||image||983096dedaedf7a8fe52f36f7129a842', '{"storage": "django.core.files.storage.FileSystemStorage", "name": "cache/41/85/4185fa5efd37723d9fd7fcae5639bbf4.jpg", "size": [190, 110]}'),
('sorl-thumbnail||image||98c00d5349750c41c1745c1ea74f7335', '{"storage": "django.core.files.storage.FileSystemStorage", "name": "branch/galery/03_6.jpg", "size": [305, 363]}'),
('sorl-thumbnail||image||98e5e59f6c75387a891dbbabeff0c837', '{"storage": "django.core.files.storage.FileSystemStorage", "name": "branch/galery/cy_phototour06.jpg", "size": [610, 423]}'),
('sorl-thumbnail||image||9a055b55f83feb8d329db46be3b7bd93', '{"storage": "django.core.files.storage.FileSystemStorage", "name": "branch/logos/SKF_logo_copy.jpg", "size": [150, 150]}'),
('sorl-thumbnail||image||9a89eda6822c4a341e0cdad1ace0818f', '{"storage": "django.core.files.storage.FileSystemStorage", "name": "cache/fc/5f/fc5f9d919ae4715aa5a1198d39dd9697.jpg", "size": [210, 155]}'),
('sorl-thumbnail||image||9aa1de7fcb3f3f25eae93e5774fc4681', '{"storage": "django.core.files.storage.FileSystemStorage", "name": "branch/galery/cy_phototour08.jpg", "size": [610, 423]}'),
('sorl-thumbnail||image||9b6e624e085bbf674e2dd435e3d25ee2', '{"storage": "django.core.files.storage.FileSystemStorage", "name": "cache/e5/83/e583da3a870e97d1e6c3f418857141e6.jpg", "size": [210, 155]}'),
('sorl-thumbnail||image||9c0fc75640a11c51eb30ee9d1d9ff2c4', '{"storage": "django.core.files.storage.FileSystemStorage", "name": "branch/galery/fall_2_1.jpg", "size": [1920, 1200]}'),
('sorl-thumbnail||image||9c55eb5efd09da52ff39f7176600a060', '{"storage": "django.core.files.storage.FileSystemStorage", "name": "cache/35/82/3582ca42dee6f783f859408a7c669392.jpg", "size": [190, 110]}'),
('sorl-thumbnail||image||9cf94d16fda39443ab8d0fca3aba1536', '{"storage": "django.core.files.storage.FileSystemStorage", "name": "cache/15/0c/150c28e616d59af72cb60b45bc7b005e.jpg", "size": [210, 155]}'),
('sorl-thumbnail||image||9d5f47d89689d03fc395086d60c38feb', '{"storage": "django.core.files.storage.FileSystemStorage", "name": "branch/galery/cy_phototour02.jpg", "size": [610, 423]}'),
('sorl-thumbnail||image||9f0b8b7d46be500a42dfb706dd2006c8', '{"storage": "django.core.files.storage.FileSystemStorage", "name": "cache/07/59/07598029fa8f1285a541cce8af5b1091.jpg", "size": [210, 155]}'),
('sorl-thumbnail||image||a0bfa0d403dd56d49de507261b791161', '{"storage": "django.core.files.storage.FileSystemStorage", "name": "cache/05/c9/05c922d160c494ed1d9f274943ddf524.jpg", "size": [190, 110]}'),
('sorl-thumbnail||image||a15a62d7a12e77bddc9e2d0a1cd3e889', '{"storage": "django.core.files.storage.FileSystemStorage", "name": "cache/8c/54/8c541255e6a73ab8c5b5ac1b0acf3dd0.jpg", "size": [190, 110]}'),
('sorl-thumbnail||image||a20eace262e8383b676abce233e1864f', '{"storage": "django.core.files.storage.FileSystemStorage", "name": "branch/logos/ma.png", "size": [157, 150]}'),
('sorl-thumbnail||image||a2c5d2ddef472531a70c3b6702d0a6d6', '{"storage": "django.core.files.storage.FileSystemStorage", "name": "branch/galery/Balance-Rewards-Cards.jpg", "size": [321, 232]}'),
('sorl-thumbnail||image||a4373750dbd6bd8f42d195c9b828d79c', '{"storage": "django.core.files.storage.FileSystemStorage", "name": "branch/galery/01_6.jpg", "size": [207, 139]}'),
('sorl-thumbnail||image||a45ca0971cd050b9a7ce4e463b2fc384', '{"storage": "django.core.files.storage.FileSystemStorage", "name": "branch/logos/budweiser_4.png", "size": [154, 153]}'),
('sorl-thumbnail||image||a76683bf389fdae337b11f299bf0bb9e', '{"storage": "django.core.files.storage.FileSystemStorage", "name": "cache/a1/08/a108e522a07e331dcdad2ab55e9a6129.jpg", "size": [210, 155]}'),
('sorl-thumbnail||image||a79fe2a8bcbbc1cead8096f9a77a1633', '{"storage": "django.core.files.storage.FileSystemStorage", "name": "branch/logos/Starbucks_Logo_8.jpg", "size": [200, 200]}'),
('sorl-thumbnail||image||a82cb0cb95a07e7ea3241e122a5f66bb', '{"storage": "django.core.files.storage.FileSystemStorage", "name": "branch/logos/Hallmark-Logo.png", "size": [2076, 788]}'),
('sorl-thumbnail||image||a84b36dee0567979e0762913f243257a', '{"storage": "django.core.files.storage.FileSystemStorage", "name": "branch/galery/Thanksgiving1.jpg", "size": [314, 198]}'),
('sorl-thumbnail||image||acd42045939fc74fa6fd4057591b8be3', '{"storage": "django.core.files.storage.FileSystemStorage", "name": "cache/90/ac/90ac631fd7595b5ed0de8454c3d2eb97.jpg", "size": [190, 110]}'),
('sorl-thumbnail||image||acdcebc318b7e88ffe86fb2f96fb3a05', '{"storage": "django.core.files.storage.FileSystemStorage", "name": "branch/logos/lo.jpg", "size": [250, 250]}'),
('sorl-thumbnail||image||ad1c134a24d03bc343f41b4be1569050', '{"storage": "django.core.files.storage.FileSystemStorage", "name": "branch/logos/Starbucks_Logo_2.jpg", "size": [200, 200]}'),
('sorl-thumbnail||image||ada7a58ca8ffe9fe3e10e13b7752ca3d', '{"storage": "django.core.files.storage.FileSystemStorage", "name": "cache/0b/c5/0bc59df94448dc61a6a2a47ab624d7c3.jpg", "size": [210, 155]}'),
('sorl-thumbnail||image||ada80ca16be8a8b6f4ca84f2541ea486', '{"storage": "django.core.files.storage.FileSystemStorage", "name": "branch/logos/GOYA_logo.jpg", "size": [150, 150]}'),
('sorl-thumbnail||image||ae1ec2fb1eb8ed23eaf53f0475d77065', '{"storage": "django.core.files.storage.FileSystemStorage", "name": "cache/b4/fd/b4fd8bd8987ff0ff257f8bf6da4904a3.jpg", "size": [190, 110]}'),
('sorl-thumbnail||image||ae714af4e6fb39efb34fb8797e296ed6', '{"storage": "django.core.files.storage.FileSystemStorage", "name": "branch/galery/4076193_f520.jpg", "size": [520, 402]}'),
('sorl-thumbnail||image||b0da264b56d17d5404856bb14fbaff25', '{"storage": "django.core.files.storage.FileSystemStorage", "name": "branch/logos/701010.png", "size": [276, 219]}'),
('sorl-thumbnail||image||b103da74790b5c46e214d8d086beb68e', '{"storage": "django.core.files.storage.FileSystemStorage", "name": "cache/85/b1/85b1a16154a27dd5cd9ac4b5b93a74a7.jpg", "size": [190, 110]}'),
('sorl-thumbnail||image||b1d786aac21329ba5d682cadf6fa21d7', '{"storage": "django.core.files.storage.FileSystemStorage", "name": "cache/ad/1a/ad1a9a2552ec18ff54ebb95b1dc13f57.jpg", "size": [190, 110]}'),
('sorl-thumbnail||image||b23c8e90e2174e13f1a283a51ee9b01b', '{"storage": "django.core.files.storage.FileSystemStorage", "name": "cache/27/77/2777a52c74bba30b1ba39e50489f4ae4.jpg", "size": [210, 155]}'),
('sorl-thumbnail||image||b2b0c9cebfc7353be16dd3368e8bbea8', '{"storage": "django.core.files.storage.FileSystemStorage", "name": "branch/logos/701010_Sports_Black_1.jpg", "size": [432, 216]}'),
('sorl-thumbnail||image||b38e307783d82cbdebc32798d8d69f0d', '{"storage": "django.core.files.storage.FileSystemStorage", "name": "branch/galery/images_14.jpg", "size": [259, 194]}'),
('sorl-thumbnail||image||b3fa749412bca2491f11353160e7a040', '{"storage": "django.core.files.storage.FileSystemStorage", "name": "branch/galery/03_4.jpg", "size": [305, 363]}'),
('sorl-thumbnail||image||b42726638cd740270fc9d49172e9e75e', '{"storage": "django.core.files.storage.FileSystemStorage", "name": "branch/galery/02.jpg", "size": [300, 225]}'),
('sorl-thumbnail||image||b588654cbdd7d224691a5318450f7361', '{"storage": "django.core.files.storage.FileSystemStorage", "name": "cache/3b/ef/3bef907608e62c41e9e386d398aae315.jpg", "size": [190, 110]}'),
('sorl-thumbnail||image||b777bef213270af1ccde9d46b1a9c6a2', '{"storage": "django.core.files.storage.FileSystemStorage", "name": "cache/86/b7/86b7828d9a96fd4065a04ae302f2593a.jpg", "size": [190, 110]}'),
('sorl-thumbnail||image||b79621fd269d182fbe1792722dfa13da', '{"storage": "django.core.files.storage.FileSystemStorage", "name": "cache/1a/28/1a28ae4b281630df69dced2309141256.jpg", "size": [210, 155]}'),
('sorl-thumbnail||image||b8df8560f5e310fbfd3ffde67422b0fb', '{"storage": "django.core.files.storage.FileSystemStorage", "name": "branch/galery/311207_10151085663401500_1635476354_n.jpg", "size": [403, 584]}'),
('sorl-thumbnail||image||b9d44b1ba96164ffd009f33707a3cc63', '{"storage": "django.core.files.storage.FileSystemStorage", "name": "cache/53/28/53280b036add961f0f2644e31ff3dbf8.jpg", "size": [210, 155]}'),
('sorl-thumbnail||image||bb43e3ceadf3c7d404e3204b2a4e4a63', '{"storage": "django.core.files.storage.FileSystemStorage", "name": "branch/galery/2013-ram-1500.jpg", "size": [628, 420]}'),
('sorl-thumbnail||image||bb4fc7abafee6fc0a311d90bd8a3e360', '{"storage": "django.core.files.storage.FileSystemStorage", "name": "branch/galery/01.jpg", "size": [207, 139]}'),
('sorl-thumbnail||image||bbf2460182d414d48cfe7f3c614c782c', '{"storage": "django.core.files.storage.FileSystemStorage", "name": "branch/logos/_icon_marriott.jpg", "size": [114, 22]}'),
('sorl-thumbnail||image||bcf6546d9b3d6d327e58ed3fb914a743', '{"storage": "django.core.files.storage.FileSystemStorage", "name": "branch/galery/02_7.jpg", "size": [300, 225]}'),
('sorl-thumbnail||image||bd61f8d01d1e3b3bbddbf36e41b638c6', '{"storage": "django.core.files.storage.FileSystemStorage", "name": "branch/galery/Your_Local_Ford_Dealer_-_Google_Chrome_2012-11-14_15-54-00.png", "size": [948, 377]}'),
('sorl-thumbnail||image||bdbd67b06e5b1983c0d0f0d972319318', '{"storage": "django.core.files.storage.FileSystemStorage", "name": "branch/logos/Burger_King_Logo.jpg", "size": [200, 200]}'),
('sorl-thumbnail||image||bece7f0001496dcb3b7e1c04ea99b51f', '{"storage": "django.core.files.storage.FileSystemStorage", "name": "cache/69/d5/69d5ce3e36cb6505fe20fc598c9e3d12.jpg", "size": [190, 110]}'),
('sorl-thumbnail||image||bf17c9d87d328a909693e0e267110a2e', '{"storage": "django.core.files.storage.FileSystemStorage", "name": "cache/1d/26/1d264b015704086a07da0cd25bcbaf42.jpg", "size": [190, 110]}'),
('sorl-thumbnail||image||c14c11e690dcb0d6d630018cf880e9e9', '{"storage": "django.core.files.storage.FileSystemStorage", "name": "branch/galery/comm_walgreens_big.jpg", "size": [485, 381]}'),
('sorl-thumbnail||image||c19d9c225f06b80870b7e741e303209f', '{"storage": "django.core.files.storage.FileSystemStorage", "name": "branch/logos/bluematrixcode3-268120.jpeg", "size": [1920, 1080]}'),
('sorl-thumbnail||image||c1a597796114e78be7271f6eb20b4c72', '{"storage": "django.core.files.storage.FileSystemStorage", "name": "cache/54/10/5410803a197c20710b90199166a39551.jpg", "size": [190, 110]}');
INSERT INTO `thumbnail_kvstore` (`key`, `value`) VALUES
('sorl-thumbnail||image||c3556c9961ba03378fb71eca29196687', '{"storage": "django.core.files.storage.FileSystemStorage", "name": "branch/logos/ha_1.png", "size": [151, 150]}'),
('sorl-thumbnail||image||c3679c3bd9134a6d937e148c0bccb19f', '{"storage": "django.core.files.storage.FileSystemStorage", "name": "cache/fb/e4/fbe482d8e971353db116b4fbca00bbc6.jpg", "size": [210, 155]}'),
('sorl-thumbnail||image||c44a758c64376dd76d83951787fb3464', '{"storage": "django.core.files.storage.FileSystemStorage", "name": "cache/e0/fb/e0fb651be01041f72fd6f8334b128785.jpg", "size": [190, 110]}'),
('sorl-thumbnail||image||c5c4bfa5dfef52962644e92c9603abf6', '{"storage": "django.core.files.storage.FileSystemStorage", "name": "cache/e5/9b/e59b7d74c08bc52071bea0586890c918.jpg", "size": [190, 110]}'),
('sorl-thumbnail||image||c60167be25e8ad9c52b4d34f57e5ee93', '{"storage": "django.core.files.storage.FileSystemStorage", "name": "branch/logos/oreo_bite_copy.jpg", "size": [200, 200]}'),
('sorl-thumbnail||image||c6ea9707597c8de6133593f924568ef0', '{"storage": "django.core.files.storage.FileSystemStorage", "name": "cache/33/c6/33c62d4088d24e91c751d360c4fe591e.jpg", "size": [190, 110]}'),
('sorl-thumbnail||image||c7162651767885eee86a04d1265cdc5d', '{"storage": "django.core.files.storage.FileSystemStorage", "name": "cache/79/c4/79c458789a081d310c1bd1fd128b9777.jpg", "size": [210, 155]}'),
('sorl-thumbnail||image||c7b05affb1a63459364c9a1f581879af', '{"storage": "django.core.files.storage.FileSystemStorage", "name": "branch/logos/Starbucks_Logo.jpg", "size": [200, 200]}'),
('sorl-thumbnail||image||c8b7e0e16b3671099c06b8dba1d783fc', '{"storage": "django.core.files.storage.FileSystemStorage", "name": "branch/logos/Sem_t\\u00edtulo-1.png", "size": [565, 114]}'),
('sorl-thumbnail||image||c912a37f5deec5690def84f986c2d519', '{"storage": "django.core.files.storage.FileSystemStorage", "name": "cache/80/de/80deed385210bfe612ea1f94f9f0ed48.jpg", "size": [210, 155]}'),
('sorl-thumbnail||image||ca12ab9ab7b0f49b3180f91d60ec84ba', '{"storage": "django.core.files.storage.FileSystemStorage", "name": "branch/logos/starbucks-logo.png", "size": [300, 300]}'),
('sorl-thumbnail||image||ca42c83ef7a92b15ca606cd2bf1fe6c7', '{"storage": "django.core.files.storage.FileSystemStorage", "name": "cache/ad/74/ad746784e460b0de5567494750757ad3.jpg", "size": [190, 110]}'),
('sorl-thumbnail||image||cb2494a5e6945ce0b8bcd431bccdf7c5', '{"storage": "django.core.files.storage.FileSystemStorage", "name": "cache/e2/66/e266cee58453fe854daa5a82a17cf20c.jpg", "size": [190, 110]}'),
('sorl-thumbnail||image||cbdc3cead5d30c45861fe009ae84ae40', '{"storage": "django.core.files.storage.FileSystemStorage", "name": "branch/logos/Sem_t\\u00edtulo-1.jpg", "size": [279, 160]}'),
('sorl-thumbnail||image||ce483a317816e953dced22600e33f0d1', '{"storage": "django.core.files.storage.FileSystemStorage", "name": "branch/logos/budweiser_5.png", "size": [154, 153]}'),
('sorl-thumbnail||image||ce930e1cf8e1b36326f74af2c1f3d8f6', '{"storage": "django.core.files.storage.FileSystemStorage", "name": "branch/logos/toyota.jpg", "size": [150, 150]}'),
('sorl-thumbnail||image||d017a752cca9fcec3f79a74bb739c4a4', '{"storage": "django.core.files.storage.FileSystemStorage", "name": "branch/logos/Starbucks_Logo_5.jpg", "size": [200, 200]}'),
('sorl-thumbnail||image||d15696461d3ff520264194674b5fed75', '{"storage": "django.core.files.storage.FileSystemStorage", "name": "cache/c4/ea/c4ea1e9bdb97525db438272be9a02452.jpg", "size": [210, 155]}'),
('sorl-thumbnail||image||d209be76bcd362aac104ef0c990ec0ab', '{"storage": "django.core.files.storage.FileSystemStorage", "name": "branch/logos/Sem_t\\u00edtulo-1_1.jpg", "size": [212, 158]}'),
('sorl-thumbnail||image||d238acb4f0330cf135e33ccd6e45b075', '{"storage": "django.core.files.storage.FileSystemStorage", "name": "cache/cb/8f/cb8f0be8ec7d84c4d05e8503f707cdff.jpg", "size": [190, 110]}'),
('sorl-thumbnail||image||d3038dd7d446e7b4a0e2af5af9ba265c', '{"storage": "django.core.files.storage.FileSystemStorage", "name": "branch/logos/sp.png", "size": [152, 151]}'),
('sorl-thumbnail||image||d38fcb03503b2f6ab5d2251385004560', '{"storage": "django.core.files.storage.FileSystemStorage", "name": "branch/logos/logo_3.png", "size": [150, 150]}'),
('sorl-thumbnail||image||d5a0a8d5517bd220d04406648e26fd09', '{"storage": "django.core.files.storage.FileSystemStorage", "name": "branch/galery/1013939850.jpg", "size": [324, 243]}'),
('sorl-thumbnail||image||d5c8fa2fa826b52762d0878a87deccf2', '{"storage": "django.core.files.storage.FileSystemStorage", "name": "branch/galery/fall_2.jpg", "size": [1920, 1200]}'),
('sorl-thumbnail||image||d82489d5c760520d05b3a35404d27ac7', '{"storage": "django.core.files.storage.FileSystemStorage", "name": "cache/33/d0/33d07442d0e8ab7ef7354c8776263171.jpg", "size": [210, 155]}'),
('sorl-thumbnail||image||d8a72d2a3be232f7f9e60683a9400cf1', '{"storage": "django.core.files.storage.FileSystemStorage", "name": "branch/logos/logo_1.png", "size": [85, 84]}'),
('sorl-thumbnail||image||d94ff77345ee2829bb34e328cf246c1f', '{"storage": "django.core.files.storage.FileSystemStorage", "name": "cache/6c/1b/6c1b3184560439627876c08b14353746.jpg", "size": [190, 110]}'),
('sorl-thumbnail||image||da2260c768977c195071f120924c2220', '{"storage": "django.core.files.storage.FileSystemStorage", "name": "cache/4e/54/4e54359ea5741dfa07cb7e66bd3634c7.jpg", "size": [190, 110]}'),
('sorl-thumbnail||image||db7588191e434dca7780a4ad11da0714', '{"storage": "django.core.files.storage.FileSystemStorage", "name": "cache/56/b4/56b4334d3d886c7db87b5983ec6be11e.jpg", "size": [210, 155]}'),
('sorl-thumbnail||image||dc3cd29280d056f5309562b6bee7d9b2', '{"storage": "django.core.files.storage.FileSystemStorage", "name": "branch/galery/102724281x.jpg", "size": [380, 380]}'),
('sorl-thumbnail||image||dd98fb686275d8c4a354f5ed8fc50509', '{"storage": "django.core.files.storage.FileSystemStorage", "name": "cache/74/b6/74b6cead6e3bb21d4eeaeca158733cd5.jpg", "size": [190, 110]}'),
('sorl-thumbnail||image||de4b5d7dcd9ebecb063ea043169ba705', '{"storage": "django.core.files.storage.FileSystemStorage", "name": "cache/f2/b9/f2b989c8b714405059b596bc0de9d85e.jpg", "size": [210, 155]}'),
('sorl-thumbnail||image||de943b178d89a0d9598b662db7c29495', '{"storage": "django.core.files.storage.FileSystemStorage", "name": "branch/logos/logo.png", "size": [85, 84]}'),
('sorl-thumbnail||image||defc250c6cd749d8c393be6866f3eb50', '{"storage": "django.core.files.storage.FileSystemStorage", "name": "cache/17/d8/17d8ae4cc3da629fc552c48c5d59f8a8.jpg", "size": [210, 155]}'),
('sorl-thumbnail||image||e0d01490a402b902f91ab875427b8d4c', '{"storage": "django.core.files.storage.FileSystemStorage", "name": "cache/aa/2b/aa2bfcdd998c3a294291bcdd195456d1.jpg", "size": [190, 110]}'),
('sorl-thumbnail||image||e159b5a14becb56d35cca19381dacc14', '{"storage": "django.core.files.storage.FileSystemStorage", "name": "branch/logos/ma_1.png", "size": [151, 151]}'),
('sorl-thumbnail||image||e30b55fcc2be30f293156c94b6e72af7', '{"storage": "django.core.files.storage.FileSystemStorage", "name": "branch/logos/hgtv_magazine_header_logo.ashx.jpg", "size": [150, 150]}'),
('sorl-thumbnail||image||e368968548b4d9c9d2144e5e273f412c', '{"storage": "django.core.files.storage.FileSystemStorage", "name": "cache/2c/be/2cbe216a60dad10c4259b4986d10f9df.jpg", "size": [210, 155]}'),
('sorl-thumbnail||image||e37a964e8f069e1c5fe8c4c80b7f640e', '{"storage": "django.core.files.storage.FileSystemStorage", "name": "branch/logos/images_9.jpg", "size": [251, 200]}'),
('sorl-thumbnail||image||e4178ebe20170154e87b5b7c51973055', '{"storage": "django.core.files.storage.FileSystemStorage", "name": "branch/galery/2013-Dodge-Ram-1500-Front-View-Ad-Still2-623x373.jpg", "size": [623, 373]}'),
('sorl-thumbnail||image||e4a5dbb729ab9f89154adcfd784778dd', '{"storage": "django.core.files.storage.FileSystemStorage", "name": "cache/d8/c9/d8c9cd8abaea222a9ae724ee256e10c7.jpg", "size": [210, 155]}'),
('sorl-thumbnail||image||e54abd3e086d0aa9fe6473475cfe3edc', '{"storage": "django.core.files.storage.FileSystemStorage", "name": "branch/galery/02_3.jpg", "size": [300, 225]}'),
('sorl-thumbnail||image||e58efe8ce383130ed8f4eef811b92cfb', '{"storage": "django.core.files.storage.FileSystemStorage", "name": "cache/f1/f7/f1f74a5918eafd7ba6cee86cdb0a60d7.jpg", "size": [210, 155]}'),
('sorl-thumbnail||image||e5ca71d53c3d6d0b114c6d3cd512a607', '{"storage": "django.core.files.storage.FileSystemStorage", "name": "branch/galery/04_3.jpg", "size": [223, 314]}'),
('sorl-thumbnail||image||e6bbfb31682caeaddfa9b35d2e1220bb', '{"storage": "django.core.files.storage.FileSystemStorage", "name": "cache/bb/7f/bb7ff3bf9cae57b603a207fa15a15c05.jpg", "size": [210, 155]}'),
('sorl-thumbnail||image||e774135f3e9e7a03dd88d634317423f6', '{"storage": "django.core.files.storage.FileSystemStorage", "name": "cache/5b/f1/5bf185dee306a5bf7d35bf23a420e609.jpg", "size": [190, 110]}'),
('sorl-thumbnail||image||e78759a442c06dce8ae401035bc01734', '{"storage": "django.core.files.storage.FileSystemStorage", "name": "cache/55/ed/55ed01b498dbf61e8fbfe0d3cc9ecb94.jpg", "size": [180, 110]}'),
('sorl-thumbnail||image||e8a9e717610a9a70f7034467c4117857', '{"storage": "django.core.files.storage.FileSystemStorage", "name": "cache/1f/5a/1f5a839799428175eea173709f78f178.jpg", "size": [210, 155]}'),
('sorl-thumbnail||image||e91966c1e12a471ff3828be26635701f', '{"storage": "django.core.files.storage.FileSystemStorage", "name": "cache/b6/63/b66375a9ec77e2ecd9b14cf356e2780a.jpg", "size": [210, 155]}'),
('sorl-thumbnail||image||e9ebac4aa6b86938af6c6ec90d6be2ca', '{"storage": "django.core.files.storage.FileSystemStorage", "name": "cache/aa/c0/aac0350072dc6ad232c39a1e2097573f.jpg", "size": [190, 110]}'),
('sorl-thumbnail||image||ea417582986b788cb3ed700a25c794e2', '{"storage": "django.core.files.storage.FileSystemStorage", "name": "branch/galery/03_5.jpg", "size": [305, 363]}'),
('sorl-thumbnail||image||eb2e087c7ad0cde2eb2ae7a90595fd2a', '{"storage": "django.core.files.storage.FileSystemStorage", "name": "cache/8e/1d/8e1dc13c2e4b694416078acda58215c2.jpg", "size": [190, 110]}'),
('sorl-thumbnail||image||eb4ebd708bf1447aa24cd3d7d6a42049', '{"storage": "django.core.files.storage.FileSystemStorage", "name": "cache/08/08/08085859be818d01b9600daaf4bf85c7.jpg", "size": [190, 110]}'),
('sorl-thumbnail||image||ec001f6c1a175df8d647037c377f0e07', '{"storage": "django.core.files.storage.FileSystemStorage", "name": "cache/52/ab/52ab7548a3e90653f105899ca18019b2.jpg", "size": [180, 110]}'),
('sorl-thumbnail||image||ed05659eae3310a4e3a966d894289d77', '{"storage": "django.core.files.storage.FileSystemStorage", "name": "branch/logos/logo_sm.gif", "size": [180, 180]}'),
('sorl-thumbnail||image||ee3fd038b48867d44c45d5e352189068', '{"storage": "django.core.files.storage.FileSystemStorage", "name": "branch/logos/walgreens-logo1-1024x201.png", "size": [1024, 201]}'),
('sorl-thumbnail||image||eefe2fd809397522a5f3c33262e9709d', '{"storage": "django.core.files.storage.FileSystemStorage", "name": "branch/galery/204444023x.jpg", "size": [380, 380]}'),
('sorl-thumbnail||image||ef30f328096bb20ec22453f5d4032917', '{"storage": "django.core.files.storage.FileSystemStorage", "name": "branch/galery/01_3.jpg", "size": [207, 139]}'),
('sorl-thumbnail||image||ef94848dc9ed2fb77b8701fe655fa10d', '{"storage": "django.core.files.storage.FileSystemStorage", "name": "branch/logos/logo_581_1.jpg", "size": [220, 220]}'),
('sorl-thumbnail||image||ef972fa53f508c12add1f82445b3c0ee', '{"storage": "django.core.files.storage.FileSystemStorage", "name": "branch/galery/1014417121.jpg", "size": [324, 243]}'),
('sorl-thumbnail||image||efc7cbb454d2dde4e8d4f1237c2b9286', '{"storage": "django.core.files.storage.FileSystemStorage", "name": "cache/c5/33/c533c1ed22cc10596c33ae34037a7636.jpg", "size": [210, 155]}'),
('sorl-thumbnail||image||f021c0262c858656d590ba2597c9a66a', '{"storage": "django.core.files.storage.FileSystemStorage", "name": "branch/logos/liverpool_d_20100629_112644_1.JPG", "size": [201, 201]}'),
('sorl-thumbnail||image||f0470bcb632428772fb1e89ba877ada9', '{"storage": "django.core.files.storage.FileSystemStorage", "name": "cache/59/18/5918131a5ed8132176ba1f03aee7d536.jpg", "size": [190, 110]}'),
('sorl-thumbnail||image||f0855d1f8fcf2fb6f04dc78f04b84a4c', '{"storage": "django.core.files.storage.FileSystemStorage", "name": "branch/logos/Starbucks_Logo_10.jpg", "size": [200, 200]}'),
('sorl-thumbnail||image||f200bf3fa82d14ee8ebdaa3df02e9276', '{"storage": "django.core.files.storage.FileSystemStorage", "name": "branch/logos/logo.jpg", "size": [250, 250]}'),
('sorl-thumbnail||image||f2d0371db636f20b9b61171a9f40604d', '{"storage": "django.core.files.storage.FileSystemStorage", "name": "cache/f9/6b/f96b46172af3c33d7c965ee7b47c32ba.jpg", "size": [210, 155]}'),
('sorl-thumbnail||image||f30165a0ed311005e9c2c858b34b7eeb', '{"storage": "django.core.files.storage.FileSystemStorage", "name": "cache/d7/fe/d7fec7be0cc562d0a6e49afbf8284735.jpg", "size": [180, 110]}'),
('sorl-thumbnail||image||f36d93ea418b715eff1d8209c483e25a', '{"storage": "django.core.files.storage.FileSystemStorage", "name": "cache/85/6a/856a03ee55bed673c99e00eefc240780.jpg", "size": [190, 110]}'),
('sorl-thumbnail||image||f37e07d6aee66c64bc4c335c7c24a4b9', '{"storage": "django.core.files.storage.FileSystemStorage", "name": "cache/2d/11/2d11d59586c7724fee0af461f417fba2.jpg", "size": [190, 110]}'),
('sorl-thumbnail||image||f455e89c3a1d134d3eef6a792f6793df', '{"storage": "django.core.files.storage.FileSystemStorage", "name": "cache/5a/f1/5af172efca7c3d6633d2e839cf9a8ab0.jpg", "size": [210, 155]}'),
('sorl-thumbnail||image||f4dd8e34f6e54730807433d289850cd0', '{"storage": "django.core.files.storage.FileSystemStorage", "name": "branch/galery/products-medTomatoSouce.png", "size": [100, 150]}'),
('sorl-thumbnail||image||f511eb4b30c258e75c60ac295322a55b', '{"storage": "django.core.files.storage.FileSystemStorage", "name": "cache/bc/19/bc19af2626ee23a292704b5aa9d8ce6a.jpg", "size": [190, 110]}'),
('sorl-thumbnail||image||f518ca9863bc10ae431c779b47d3edc5', '{"storage": "django.core.files.storage.FileSystemStorage", "name": "cache/a2/d0/a2d07a7ea5408572b549fb0eae7b52dc.jpg", "size": [210, 155]}'),
('sorl-thumbnail||image||f5c3bdeb94ad18862cf502661109ce15', '{"storage": "django.core.files.storage.FileSystemStorage", "name": "branch/logos/Starbucks_Logo_9.jpg", "size": [200, 200]}'),
('sorl-thumbnail||image||f6604aee46729f83ae6350230c7849c3', '{"storage": "django.core.files.storage.FileSystemStorage", "name": "cache/bc/58/bc580a174f76e26d0752c0d9d3ea7052.jpg", "size": [190, 110]}'),
('sorl-thumbnail||image||f6c4ab020dd6c728b7e1beee927d38b4', '{"storage": "django.core.files.storage.FileSystemStorage", "name": "cache/95/a5/95a5439aa76ab22b8a95781212ebe70f.jpg", "size": [190, 110]}'),
('sorl-thumbnail||image||f708fe5d7ec7887d171643bb456b009a', '{"storage": "django.core.files.storage.FileSystemStorage", "name": "branch/galery/products-medAdobo.png", "size": [100, 150]}'),
('sorl-thumbnail||image||f88f07d71c204f01477edfc6d4de2503', '{"storage": "django.core.files.storage.FileSystemStorage", "name": "branch/galery/ramtrucks_googleplus_profilebanner_v1.jpg", "size": [940, 180]}'),
('sorl-thumbnail||image||f9bc1f12a3e012d3a10924653f1bd73c', '{"storage": "django.core.files.storage.FileSystemStorage", "name": "cache/9d/a3/9da3bc1a7bbdaff5e04d19aa41eee969.jpg", "size": [190, 110]}'),
('sorl-thumbnail||image||fad63b4906245b3659939f8d4078e9cf', '{"storage": "django.core.files.storage.FileSystemStorage", "name": "branch/galery/302855_10151086718036500_466196046_n.jpg", "size": [403, 480]}'),
('sorl-thumbnail||image||fb42ef7554404b86a6851581c63e7534', '{"storage": "django.core.files.storage.FileSystemStorage", "name": "cache/1d/ca/1dca6e8a1ecb222a0ec6658b78d8b7d3.jpg", "size": [210, 155]}'),
('sorl-thumbnail||image||fb4699d77a961bcc56a4d5b0fcb230e4', '{"storage": "django.core.files.storage.FileSystemStorage", "name": "branch/logos/log.gif", "size": [608, 118]}'),
('sorl-thumbnail||image||fb65307aa256cd3ffdd49314ac545a1d', '{"storage": "django.core.files.storage.FileSystemStorage", "name": "cache/8c/12/8c1281c7a0e2a054283e90817a82bb89.jpg", "size": [210, 155]}'),
('sorl-thumbnail||image||fcf4404ddab010071fc3d83b9a8bccd9', '{"storage": "django.core.files.storage.FileSystemStorage", "name": "branch/logos/Ram-logo.jpeg", "size": [563, 165]}'),
('sorl-thumbnail||image||fe33d5e12e037417a7a7e96d7ac4a769', '{"storage": "django.core.files.storage.FileSystemStorage", "name": "branch/logos/Starbucks_Logo_11.jpg", "size": [200, 200]}'),
('sorl-thumbnail||image||ffc5e8516be06bea0fd7162fd7c97d41', '{"storage": "django.core.files.storage.FileSystemStorage", "name": "cache/32/b8/32b83daf0b946c234dfde4c748dc8d26.jpg", "size": [190, 110]}'),
('sorl-thumbnail||thumbnails||006d3794c921ae4b1e122ab83de0b2d1', '["943da4de22aee1d9576d0e8a7cd4a4b0"]'),
('sorl-thumbnail||thumbnails||01bb10926240a7504930b7ea366036cb', '["2e80a60cf5f4e6fd8d25f9816032d61f"]'),
('sorl-thumbnail||thumbnails||03006e8ec45441829c90ada0f24268a5', '["8ae5adfd663894b0c6379b8d90e168c4"]'),
('sorl-thumbnail||thumbnails||03f68e2e8c72a4a1d21d070740f41a10', '["0b54a4ed0db32bc5e08b0b757903628e"]'),
('sorl-thumbnail||thumbnails||04701c85f55a3f92c68d0338587288f4', '["e58efe8ce383130ed8f4eef811b92cfb"]'),
('sorl-thumbnail||thumbnails||076a49b755f963c81793b33ff699f6f2', '["4b5c0f6df23f4d232db4d0be33cc9357"]'),
('sorl-thumbnail||thumbnails||08d53bb917fc23d9230d6632bca4c549', '["fb42ef7554404b86a6851581c63e7534"]'),
('sorl-thumbnail||thumbnails||0971ee6d746eec6138122dbbe32a97d4', '["f455e89c3a1d134d3eef6a792f6793df"]'),
('sorl-thumbnail||thumbnails||0b0e39223801f8e4c30373628d406d93', '["372854bc72e2035140d34b6fa3e5fc68"]'),
('sorl-thumbnail||thumbnails||0c5c6d66b4e1bd7e60c5a5e72969745c', '["5d3bcb3d3c97b8bfda34e471f62caa29"]'),
('sorl-thumbnail||thumbnails||0ed771059ba25aba42c49acfb26006fb', '["e0d01490a402b902f91ab875427b8d4c"]'),
('sorl-thumbnail||thumbnails||0ff40e35e185b47fa28e503d1f84a3e8', '["49400e354af71182a907195b4590eb22"]'),
('sorl-thumbnail||thumbnails||103195d57cb06f332d8fab5b36618daf', '["d82489d5c760520d05b3a35404d27ac7"]'),
('sorl-thumbnail||thumbnails||1121bea3f40cba4489d625634cd00626', '["90f2030f51015af6b9a3f81fa37cdf8b"]'),
('sorl-thumbnail||thumbnails||155a742d6618f97d610e5eb8ed8dc05f', '["6747b2ec415a4ec3b462ab67a30fe8ab"]'),
('sorl-thumbnail||thumbnails||15601f6ea79f0c4ff4e81f30d726070a', '["7d7db25fd59428b926b8631f1d41f101"]'),
('sorl-thumbnail||thumbnails||1734bf47eeb19d2bed139bb7ce581740', '["54a1e0b0448380942a6616a68a487315"]'),
('sorl-thumbnail||thumbnails||18c856418e04a1857b3bfdd7b446225c', '["b1d786aac21329ba5d682cadf6fa21d7"]'),
('sorl-thumbnail||thumbnails||192cdf7d3d22f83994261df41821fe3c', '["525817f238f0b32a27a572a10551c051"]'),
('sorl-thumbnail||thumbnails||1a274d2c453ea66f6f1f6558d772ba11', '["33831ae965d51babc3d96ec3a6d4deb9"]'),
('sorl-thumbnail||thumbnails||1d64b8beece0ea99e2dd5038a24ffa06', '["1bab0eed0c17c4e115e948654aa404ba"]'),
('sorl-thumbnail||thumbnails||1e655096b3be0ccb7610507945a02a12', '["f36d93ea418b715eff1d8209c483e25a"]'),
('sorl-thumbnail||thumbnails||1fe0b199004525bd0b1c00e4be4ac5bc', '["d94ff77345ee2829bb34e328cf246c1f"]'),
('sorl-thumbnail||thumbnails||20932bde341a6f683a8f2eb7d7845815', '["2eba7bbde203e3ac9d9e940307522d54"]'),
('sorl-thumbnail||thumbnails||209c7d7bd47d2aefcfdfefc402b5f810', '["93d72ad0e99b6e4ff812bddad2d84217"]'),
('sorl-thumbnail||thumbnails||21b0e9d43875b987e23dbf70e3387bd8', '["488bcb43bb28356aa5f95dd2db2e43ab"]'),
('sorl-thumbnail||thumbnails||23e122a82785e942fe7eae8274436833', '["de4b5d7dcd9ebecb063ea043169ba705"]'),
('sorl-thumbnail||thumbnails||270ff9ee79933f365342e16eab41c5be', '["f9bc1f12a3e012d3a10924653f1bd73c"]'),
('sorl-thumbnail||thumbnails||2810deda0354dfeb9a61187605ed28aa', '["600226ebf74ef79f123c4a040a50c76f"]'),
('sorl-thumbnail||thumbnails||2817bc040a007ea7226d120cc33e9489', '["32532de5c14135258736aeb9b80161ac"]'),
('sorl-thumbnail||thumbnails||2870eb09071787d0c730f527e69f4bb0', '["6a5379e00e1c3efd2e7ca4eaec2d86d9"]'),
('sorl-thumbnail||thumbnails||2c1fe6668f3a66fac7aad9aeeef362f2', '["b79621fd269d182fbe1792722dfa13da"]'),
('sorl-thumbnail||thumbnails||2c6984ecd4c36c08c579169172366229', '["0814726c923df6e80862c27a0aa8a25b"]'),
('sorl-thumbnail||thumbnails||2cccf847d1031307b15c2bcd361d110c', '["f0470bcb632428772fb1e89ba877ada9"]'),
('sorl-thumbnail||thumbnails||2d86c67afa50f18b85aa7c427d4e7e15', '["30f18611a7bc4dc0f9f6698d58d02549"]'),
('sorl-thumbnail||thumbnails||2d959958c158bcb87fd3a9b11d323744', '["d238acb4f0330cf135e33ccd6e45b075"]'),
('sorl-thumbnail||thumbnails||2da93b8127f425f468ec757f840e6539', '["9210da67cb3645ca5b3bbdc909f0425e", "c912a37f5deec5690def84f986c2d519"]'),
('sorl-thumbnail||thumbnails||318a120ef0b45840a8ed22fcbed9bc45', '["97b29f520d405e42c7c798048c813d39"]'),
('sorl-thumbnail||thumbnails||3372e4c0aa4608fa97f17598566ff34d', '["da2260c768977c195071f120924c2220"]'),
('sorl-thumbnail||thumbnails||347c42023a571467d09559209c0c1b88', '["5b9d2f2e0eb79d5cadc10b3dbe8913c4"]'),
('sorl-thumbnail||thumbnails||3ac35f67a66fac3c3ea81fee674ae04d', '["05f3011ccf9de330a03d311cfaffe05b"]'),
('sorl-thumbnail||thumbnails||3d2f8de20d35ca92a1c683bf6d8bdb24', '["e4a5dbb729ab9f89154adcfd784778dd"]'),
('sorl-thumbnail||thumbnails||3e53e2a092415e5baa0a49136da79605', '["bece7f0001496dcb3b7e1c04ea99b51f"]'),
('sorl-thumbnail||thumbnails||3e9138834d1947d0f395d9269b4d3f0f', '["9188b2f35165f72390d9e3478429b651"]'),
('sorl-thumbnail||thumbnails||3ed215ed3f6862abbd0094e1e32118b0', '["54f54d5b8ddde208dd7eb7ab12d2a33d"]'),
('sorl-thumbnail||thumbnails||400e9b2018e8434bef705814092ca576', '["5e0d81935e5ef9e21b25ef7282216a9e"]'),
('sorl-thumbnail||thumbnails||4353c88768da9e534b5ac7d867e32cba', '["c1a597796114e78be7271f6eb20b4c72"]'),
('sorl-thumbnail||thumbnails||437af70f89db3354e5cf738e7ed35877', '["fb65307aa256cd3ffdd49314ac545a1d"]'),
('sorl-thumbnail||thumbnails||4469a46678164de62956462979f7a4db', '["7ca0bdef57ab5541c15f7b3ae91afdb5"]'),
('sorl-thumbnail||thumbnails||44cf500235a9ffcb0cbdd4b93aa9745a', '["f6604aee46729f83ae6350230c7849c3"]'),
('sorl-thumbnail||thumbnails||45bdb681bcd37153cd3b00d563242eca', '["a76683bf389fdae337b11f299bf0bb9e"]'),
('sorl-thumbnail||thumbnails||486d49b2ebdce94b91bdfc5a90b23027', '["100f16ee417848f8c28bbc2fdf404fa3"]'),
('sorl-thumbnail||thumbnails||4a8ccc8d5f96269d05a4d2dc6d806448', '["9684447179e22c76bbcc7d1aa0715d07"]'),
('sorl-thumbnail||thumbnails||4bde9fbf10df3ad5d2f13f3d980cea5b', '["47682f67c08a65a769f1ab133f04f730"]'),
('sorl-thumbnail||thumbnails||4d9e4d6fe83655c3a86e2ea558b72f44', '["a0bfa0d403dd56d49de507261b791161"]'),
('sorl-thumbnail||thumbnails||4ed57d67441ead3845d0003489e8c59f', '["c7162651767885eee86a04d1265cdc5d"]'),
('sorl-thumbnail||thumbnails||51e058088e4b136ade95e37404d65262', '["ca42c83ef7a92b15ca606cd2bf1fe6c7"]'),
('sorl-thumbnail||thumbnails||53a1dc350c70e7eb4b4028cbe6877d41', '["defc250c6cd749d8c393be6866f3eb50"]'),
('sorl-thumbnail||thumbnails||55c767a91ad02fb390c8495147077f43', '["b588654cbdd7d224691a5318450f7361"]'),
('sorl-thumbnail||thumbnails||573b5409a09b35dc5e654cc14bbeef53', '["5e643eb2d920db1d7acc7c449108e239"]'),
('sorl-thumbnail||thumbnails||5f7b5163c486210e9636c0657bdbc70e', '["8770b4c09ae8fd3db1043f2c701fb0cc"]'),
('sorl-thumbnail||thumbnails||62f730544c1534b6a5846f670a1276db', '["43e7de8c34cf1cccb5444006e01cf320", "f2d0371db636f20b9b61171a9f40604d"]'),
('sorl-thumbnail||thumbnails||63043726cdd768cff22c464d221bf243', '["52ea60737808a94f891bd100f9739862"]'),
('sorl-thumbnail||thumbnails||63c988b9319a3c04cb1091ce197ccef3', '["e9ebac4aa6b86938af6c6ec90d6be2ca"]'),
('sorl-thumbnail||thumbnails||63ff3601b7b970663bae7ac6bd7e273b', '["e6bbfb31682caeaddfa9b35d2e1220bb"]'),
('sorl-thumbnail||thumbnails||666581c966f37ee3833c049a8246926c', '["5aef5b80d9c2bd2f11652fd4c40de721"]'),
('sorl-thumbnail||thumbnails||6a0ad05d96397dc07fc2bdf4c05795ee', '["80e0bd80f0b2e93bfbc782c52f25da83"]'),
('sorl-thumbnail||thumbnails||6cb0aaca506337c9eb198b37eda10bf5', '["67d4c40c5578b9b1a128aafa7780f179"]'),
('sorl-thumbnail||thumbnails||6dce76e314389439c434c66225a042e0', '["bf17c9d87d328a909693e0e267110a2e"]'),
('sorl-thumbnail||thumbnails||6fe5aed077e400e5f123dfe80b37287a', '["74b7b686981e6569fd504c1a9c69257f"]'),
('sorl-thumbnail||thumbnails||734b117691c7f6d85a7d14e4a4faef0f', '["e774135f3e9e7a03dd88d634317423f6"]'),
('sorl-thumbnail||thumbnails||75210302dcda2fdc0552d69e130a6f89', '["00e4abcd02cbc1cf77bfb9448e9835bf", "568dea1023f42af3252aca38ff4f9c09"]'),
('sorl-thumbnail||thumbnails||76eb318c1f1ee04479ee35b6376fbcbc', '["81fefb3c86fb26f54ebc2df6299f1783"]'),
('sorl-thumbnail||thumbnails||7796e1c50704efc3113b84392afc2374', '["e78759a442c06dce8ae401035bc01734", "8e698b5ca3eba2a9391d4a2e44732b82"]'),
('sorl-thumbnail||thumbnails||79b262e56a0d8d2648bbefd10e5b38b3', '["21dc2cc63507397857a5682cbe1f3387"]'),
('sorl-thumbnail||thumbnails||809b5c8ca340c6d9767acca32c1b8dd9', '["b777bef213270af1ccde9d46b1a9c6a2"]'),
('sorl-thumbnail||thumbnails||80b90bdeb27afe88cfaaca915f9d104b', '["6e43709a9ac48ab58c4a6821552509ff", "828bf511ad1a93adf905927f1b162217"]'),
('sorl-thumbnail||thumbnails||80bb0842f19856381125ea493ff6123e', '["6d6abf4a9eaf5452dc1c59ccca40caa4"]'),
('sorl-thumbnail||thumbnails||810ee3354abddb81374b4769ce97f710', '["7380e78876eb1f70dfd4b3fbbd359d7a"]'),
('sorl-thumbnail||thumbnails||813372ac937dd81882e7e2c4247bf286', '["92328587ff1aeed7c12654d1462f825c"]'),
('sorl-thumbnail||thumbnails||81d2d2b19a1865a0fe1019ef12a3ed08', '["dd98fb686275d8c4a354f5ed8fc50509"]'),
('sorl-thumbnail||thumbnails||835b9729ccf509b70a4ff0113f5ca905', '["484f96347a3373c0638962f9d7d30635"]'),
('sorl-thumbnail||thumbnails||85e0c4f93b38d4659347a10097855073', '["1e082c06bca9843f7e6caba585520c7f"]'),
('sorl-thumbnail||thumbnails||86dd61834cab79572fece291048d6cce', '["2369ef933c44fceb420abb99ba6c2e53"]'),
('sorl-thumbnail||thumbnails||878ba424b8fab3e73e0e763d186a5402', '["90a63156d4a5c7544e78bcf5f8e25f1d"]'),
('sorl-thumbnail||thumbnails||87936de72992c19f334ee2c6fcc02fa8', '["5b6f73a0e2f071d6096fe3909c65c60a"]'),
('sorl-thumbnail||thumbnails||8bcd118cd8548b1a1a0bbbb3fb5ac9bf', '["c5c4bfa5dfef52962644e92c9603abf6"]'),
('sorl-thumbnail||thumbnails||8bdd5b89fcd0e5aca576bee877c7a750', '["3094d9f7b0df9bfe5a1b85568bd3c6a5"]'),
('sorl-thumbnail||thumbnails||8c78e5e0ebc66066dc0808ca92b1d8b5', '["500d753dc3bd606830544b6e86a0fff2"]'),
('sorl-thumbnail||thumbnails||8d8bc08a217ce5bd0c2c54bec0f640cc', '["1fef422c57e79944333dba95c99fc52f"]'),
('sorl-thumbnail||thumbnails||8f118fe928554051b22095d8c5096058', '["2edd554246d304cc8ea34e1ac44987c8"]'),
('sorl-thumbnail||thumbnails||8f928cda1cada9a663790438979737cd', '["9a89eda6822c4a341e0cdad1ace0818f"]'),
('sorl-thumbnail||thumbnails||92da354b42c10e766d05b2df8dcc1cb3', '["135a63dec0d760eb8570c372d2c25728"]'),
('sorl-thumbnail||thumbnails||94fd95bb554d736b175606330a8178df', '["f511eb4b30c258e75c60ac295322a55b"]'),
('sorl-thumbnail||thumbnails||9549e18dae9dd30836528e05654b1ce6', '["43a0ba79485287bbce28399f520f5c5c"]'),
('sorl-thumbnail||thumbnails||9723caa7f8dcb794620398f661adc056', '["3294659ff3573cc6ebff8b6f4b267023"]'),
('sorl-thumbnail||thumbnails||98c00d5349750c41c1745c1ea74f7335', '["38570e347c56c2c30c6cd9429ad6a1d3"]'),
('sorl-thumbnail||thumbnails||98e5e59f6c75387a891dbbabeff0c837', '["c6ea9707597c8de6133593f924568ef0"]'),
('sorl-thumbnail||thumbnails||9a055b55f83feb8d329db46be3b7bd93', '["3aaccdb9c6566b57f13c7f6bb54471d3"]'),
('sorl-thumbnail||thumbnails||9aa1de7fcb3f3f25eae93e5774fc4681', '["eb2e087c7ad0cde2eb2ae7a90595fd2a"]'),
('sorl-thumbnail||thumbnails||9c0fc75640a11c51eb30ee9d1d9ff2c4', '["4a132c8d60267652a43ac2634b18daa2"]'),
('sorl-thumbnail||thumbnails||9d5f47d89689d03fc395086d60c38feb', '["eb4ebd708bf1447aa24cd3d7d6a42049"]'),
('sorl-thumbnail||thumbnails||a20eace262e8383b676abce233e1864f', '["835cb59f998da3e17f8926929581b547"]'),
('sorl-thumbnail||thumbnails||a2c5d2ddef472531a70c3b6702d0a6d6', '["983096dedaedf7a8fe52f36f7129a842"]'),
('sorl-thumbnail||thumbnails||a4373750dbd6bd8f42d195c9b828d79c', '["c44a758c64376dd76d83951787fb3464"]'),
('sorl-thumbnail||thumbnails||a45ca0971cd050b9a7ce4e463b2fc384', '["9b6e624e085bbf674e2dd435e3d25ee2"]'),
('sorl-thumbnail||thumbnails||a79fe2a8bcbbc1cead8096f9a77a1633', '["086ed454db277b496d3cd84301f23b30"]'),
('sorl-thumbnail||thumbnails||a82cb0cb95a07e7ea3241e122a5f66bb', '["b9d44b1ba96164ffd009f33707a3cc63"]'),
('sorl-thumbnail||thumbnails||a84b36dee0567979e0762913f243257a', '["4140795470a39795b29f819ebadc7946"]'),
('sorl-thumbnail||thumbnails||acdcebc318b7e88ffe86fb2f96fb3a05', '["efc7cbb454d2dde4e8d4f1237c2b9286"]'),
('sorl-thumbnail||thumbnails||ad1c134a24d03bc343f41b4be1569050', '["88eae3b41e64b95b0a1fa96c17b2f832"]'),
('sorl-thumbnail||thumbnails||ada80ca16be8a8b6f4ca84f2541ea486', '["169428da6ace8a88ec8ff1a0313bb26c"]'),
('sorl-thumbnail||thumbnails||ae714af4e6fb39efb34fb8797e296ed6', '["6e3c1b5227789ad8d3543f1c108dc2c7"]'),
('sorl-thumbnail||thumbnails||b0da264b56d17d5404856bb14fbaff25', '["422fc3d8f65f29fb7103c12fa562f341"]'),
('sorl-thumbnail||thumbnails||b2b0c9cebfc7353be16dd3368e8bbea8', '["ada7a58ca8ffe9fe3e10e13b7752ca3d"]'),
('sorl-thumbnail||thumbnails||b38e307783d82cbdebc32798d8d69f0d', '["82dfd441ec0ad4de090ec2a79313e27e"]'),
('sorl-thumbnail||thumbnails||b3fa749412bca2491f11353160e7a040', '["116f7478dca4079fefab9e4806f94489"]'),
('sorl-thumbnail||thumbnails||b42726638cd740270fc9d49172e9e75e', '["3f24a4ac34fc2084623852cd88ddb81a"]'),
('sorl-thumbnail||thumbnails||b8df8560f5e310fbfd3ffde67422b0fb', '["840f36a6521d2d37e0bde500e7bb62de"]'),
('sorl-thumbnail||thumbnails||bb43e3ceadf3c7d404e3204b2a4e4a63', '["b103da74790b5c46e214d8d086beb68e"]'),
('sorl-thumbnail||thumbnails||bb4fc7abafee6fc0a311d90bd8a3e360', '["4ce74e9356c318bad2521caf10f401a8"]'),
('sorl-thumbnail||thumbnails||bbf2460182d414d48cfe7f3c614c782c', '["3f0f91072c68384fc08b5cf1fb92482e"]'),
('sorl-thumbnail||thumbnails||bcf6546d9b3d6d327e58ed3fb914a743', '["acd42045939fc74fa6fd4057591b8be3"]'),
('sorl-thumbnail||thumbnails||bd61f8d01d1e3b3bbddbf36e41b638c6', '["9c55eb5efd09da52ff39f7176600a060"]'),
('sorl-thumbnail||thumbnails||bdbd67b06e5b1983c0d0f0d972319318', '["2be0a4dff1dd282d9059b20b2075ee17"]'),
('sorl-thumbnail||thumbnails||c14c11e690dcb0d6d630018cf880e9e9', '["2ab7e94049257a46e35ba659d0e33e59"]'),
('sorl-thumbnail||thumbnails||c19d9c225f06b80870b7e741e303209f', '["9f0b8b7d46be500a42dfb706dd2006c8"]'),
('sorl-thumbnail||thumbnails||c3556c9961ba03378fb71eca29196687', '["4133f8f6808521ab4ceffc7fa8590f19"]'),
('sorl-thumbnail||thumbnails||c60167be25e8ad9c52b4d34f57e5ee93', '["f30165a0ed311005e9c2c858b34b7eeb", "f518ca9863bc10ae431c779b47d3edc5"]'),
('sorl-thumbnail||thumbnails||c7b05affb1a63459364c9a1f581879af', '["2451b19f3d815dcd8dae4734b4f7254c"]'),
('sorl-thumbnail||thumbnails||c8b7e0e16b3671099c06b8dba1d783fc', '["e368968548b4d9c9d2144e5e273f412c"]'),
('sorl-thumbnail||thumbnails||ca12ab9ab7b0f49b3180f91d60ec84ba', '["5c5370445e6c033a2f38932695e99aab"]'),
('sorl-thumbnail||thumbnails||cbdc3cead5d30c45861fe009ae84ae40', '["e91966c1e12a471ff3828be26635701f"]'),
('sorl-thumbnail||thumbnails||ce483a317816e953dced22600e33f0d1', '["899d5b97839b8390729f3cc239d7b229"]'),
('sorl-thumbnail||thumbnails||ce930e1cf8e1b36326f74af2c1f3d8f6', '["7450d9ec9a40a78c34e301e337ce135d"]'),
('sorl-thumbnail||thumbnails||d017a752cca9fcec3f79a74bb739c4a4', '["d15696461d3ff520264194674b5fed75"]'),
('sorl-thumbnail||thumbnails||d209be76bcd362aac104ef0c990ec0ab', '["64c26f199f83091eba7616a800c15572", "581942a494efb34ab02672cf18ff3d6d"]'),
('sorl-thumbnail||thumbnails||d3038dd7d446e7b4a0e2af5af9ba265c', '["b23c8e90e2174e13f1a283a51ee9b01b"]'),
('sorl-thumbnail||thumbnails||d38fcb03503b2f6ab5d2251385004560', '["095bd393e572bcf3999d455759b5476f"]'),
('sorl-thumbnail||thumbnails||d5a0a8d5517bd220d04406648e26fd09', '["f37e07d6aee66c64bc4c335c7c24a4b9"]'),
('sorl-thumbnail||thumbnails||d5c8fa2fa826b52762d0878a87deccf2', '["ffc5e8516be06bea0fd7162fd7c97d41"]'),
('sorl-thumbnail||thumbnails||d8a72d2a3be232f7f9e60683a9400cf1', '["9cf94d16fda39443ab8d0fca3aba1536"]'),
('sorl-thumbnail||thumbnails||dc3cd29280d056f5309562b6bee7d9b2', '["cb2494a5e6945ce0b8bcd431bccdf7c5"]'),
('sorl-thumbnail||thumbnails||de943b178d89a0d9598b662db7c29495', '["e8a9e717610a9a70f7034467c4117857"]'),
('sorl-thumbnail||thumbnails||e159b5a14becb56d35cca19381dacc14', '["db7588191e434dca7780a4ad11da0714"]'),
('sorl-thumbnail||thumbnails||e30b55fcc2be30f293156c94b6e72af7', '["9736fa150a83924923980f2e63f656c0"]'),
('sorl-thumbnail||thumbnails||e37a964e8f069e1c5fe8c4c80b7f640e', '["ec001f6c1a175df8d647037c377f0e07", "673e93206e7ded1ae706fdda103281d6"]'),
('sorl-thumbnail||thumbnails||e4178ebe20170154e87b5b7c51973055', '["438f57d7fe3f04fef360a77de0f05ddc"]'),
('sorl-thumbnail||thumbnails||e54abd3e086d0aa9fe6473475cfe3edc', '["9377f1469a3bfd6ed2e8d2fa00431f6e"]'),
('sorl-thumbnail||thumbnails||e5ca71d53c3d6d0b114c6d3cd512a607', '["232cedfea76a159676b1c54c7cb0739e"]'),
('sorl-thumbnail||thumbnails||ea417582986b788cb3ed700a25c794e2', '["f6c4ab020dd6c728b7e1beee927d38b4"]'),
('sorl-thumbnail||thumbnails||ed05659eae3310a4e3a966d894289d77', '["2f9085f5008f82888e16572aeb41b582"]'),
('sorl-thumbnail||thumbnails||ee3fd038b48867d44c45d5e352189068', '["68d924dec9ac4199b00f9d208d4689e2", "4dd0d4ff7ff8c812d8935056e6f05fe8"]'),
('sorl-thumbnail||thumbnails||eefe2fd809397522a5f3c33262e9709d', '["ae1ec2fb1eb8ed23eaf53f0475d77065"]'),
('sorl-thumbnail||thumbnails||ef30f328096bb20ec22453f5d4032917', '["8a21bf98d0834ef6c8a1e7e6ac770c68"]'),
('sorl-thumbnail||thumbnails||ef94848dc9ed2fb77b8701fe655fa10d', '["5c58527950ecd0866e2c47397b1bf0fb"]'),
('sorl-thumbnail||thumbnails||ef972fa53f508c12add1f82445b3c0ee', '["708eb87bc37eb2707a3a6d40d23a0bc7"]'),
('sorl-thumbnail||thumbnails||f021c0262c858656d590ba2597c9a66a', '["61b28eddc3cdf692fc40df12ca994df3"]'),
('sorl-thumbnail||thumbnails||f0855d1f8fcf2fb6f04dc78f04b84a4c', '["8038f9e2fc07a79f96c09e20a0a2dd24"]'),
('sorl-thumbnail||thumbnails||f200bf3fa82d14ee8ebdaa3df02e9276', '["c3679c3bd9134a6d937e148c0bccb19f"]'),
('sorl-thumbnail||thumbnails||f4dd8e34f6e54730807433d289850cd0', '["10e6315512163217dddd521a86ba9621"]'),
('sorl-thumbnail||thumbnails||f5c3bdeb94ad18862cf502661109ce15', '["27fc7ac77c22822d7bacc7d0359ded06"]'),
('sorl-thumbnail||thumbnails||f708fe5d7ec7887d171643bb456b009a', '["4b7460311f74c2093cf2305da6704ac4"]'),
('sorl-thumbnail||thumbnails||f88f07d71c204f01477edfc6d4de2503', '["a15a62d7a12e77bddc9e2d0a1cd3e889"]'),
('sorl-thumbnail||thumbnails||fad63b4906245b3659939f8d4078e9cf', '["5503ae85779552b3434894a424079e9a"]'),
('sorl-thumbnail||thumbnails||fb4699d77a961bcc56a4d5b0fcb230e4', '["009935e0ea6f5c1eb6d8d9401057cc0b"]'),
('sorl-thumbnail||thumbnails||fcf4404ddab010071fc3d83b9a8bccd9', '["0f9bf2236ea260b9dec4dbb10941e23f"]'),
('sorl-thumbnail||thumbnails||fe33d5e12e037417a7a7e96d7ac4a769', '["3ef753ac547ce1fecd6748ef5988356f"]');

--
-- Constraints for dumped tables
--

--
-- Constraints for table `auth_group_permissions`
--
ALTER TABLE `auth_group_permissions`
  ADD CONSTRAINT `group_id_refs_id_3cea63fe` FOREIGN KEY (`group_id`) REFERENCES `auth_group` (`id`),
  ADD CONSTRAINT `permission_id_refs_id_a7792de1` FOREIGN KEY (`permission_id`) REFERENCES `auth_permission` (`id`);

--
-- Constraints for table `auth_permission`
--
ALTER TABLE `auth_permission`
  ADD CONSTRAINT `content_type_id_refs_id_728de91f` FOREIGN KEY (`content_type_id`) REFERENCES `django_content_type` (`id`);

--
-- Constraints for table `auth_user_groups`
--
ALTER TABLE `auth_user_groups`
  ADD CONSTRAINT `group_id_refs_id_f0ee9890` FOREIGN KEY (`group_id`) REFERENCES `auth_group` (`id`),
  ADD CONSTRAINT `user_id_refs_id_831107f1` FOREIGN KEY (`user_id`) REFERENCES `auth_user` (`id`);

--
-- Constraints for table `auth_user_user_permissions`
--
ALTER TABLE `auth_user_user_permissions`
  ADD CONSTRAINT `permission_id_refs_id_67e79cb` FOREIGN KEY (`permission_id`) REFERENCES `auth_permission` (`id`),
  ADD CONSTRAINT `user_id_refs_id_f2045483` FOREIGN KEY (`user_id`) REFERENCES `auth_user` (`id`);

--
-- Constraints for table `customers_branch`
--
ALTER TABLE `customers_branch`
  ADD CONSTRAINT `Customer_id_refs_id_ff7540c7` FOREIGN KEY (`Customer_id`) REFERENCES `customers_customer` (`id`),
  ADD CONSTRAINT `ZipCode_id_refs_id_fd01059e` FOREIGN KEY (`ZipCode_id`) REFERENCES `customers_zipcode` (`id`);

--
-- Constraints for table `customers_phone_info`
--
ALTER TABLE `customers_phone_info`
  ADD CONSTRAINT `branch_id_refs_id_b3b5a0b0` FOREIGN KEY (`branch_id`) REFERENCES `customers_branch` (`id`);

--
-- Constraints for table `customers_photogallery`
--
ALTER TABLE `customers_photogallery`
  ADD CONSTRAINT `Branch_id_refs_id_9d49dd63` FOREIGN KEY (`Branch_id`) REFERENCES `customers_branch` (`id`);

--
-- Constraints for table `django_admin_log`
--
ALTER TABLE `django_admin_log`
  ADD CONSTRAINT `content_type_id_refs_id_288599e6` FOREIGN KEY (`content_type_id`) REFERENCES `django_content_type` (`id`),
  ADD CONSTRAINT `user_id_refs_id_c8665aa` FOREIGN KEY (`user_id`) REFERENCES `auth_user` (`id`);

--
-- Constraints for table `django_flatpage_sites`
--
ALTER TABLE `django_flatpage_sites`
  ADD CONSTRAINT `flatpage_id_refs_id_c0e84f5a` FOREIGN KEY (`flatpage_id`) REFERENCES `django_flatpage` (`id`),
  ADD CONSTRAINT `site_id_refs_id_4e3eeb57` FOREIGN KEY (`site_id`) REFERENCES `django_site` (`id`);

/*!40101 SET CHARACTER_SET_CLIENT=@OLD_CHARACTER_SET_CLIENT */;
/*!40101 SET CHARACTER_SET_RESULTS=@OLD_CHARACTER_SET_RESULTS */;
/*!40101 SET COLLATION_CONNECTION=@OLD_COLLATION_CONNECTION */;
